name,lon,lat
Aber,-4.56999,52.13914
Aberporth,-4.56999,52.13914
Aberporth,-4.56999,52.13914
Aberporth,-4.56999,52.13914
Aberporth,-4.56999,52.13914
Aberporth,-4.56999,52.13914
Aberporth,-4.56999,52.13914
Aberporth,-4.56999,52.13914
Aberporth,-4.56999,52.13914
Aberporth,-4.56999,52.13914
Aberporth,-4.56999,52.13914
Aberporth,-4.56999,52.13914
Aberporth,-4.56999,52.13914
Aberporth,-4.56999,52.13914
Aberporth,-4.56999,52.13914
Aberporth,-4.56999,52.13914
Aberporth,-4.56999,52.13914
Aberporth,-4.56999,52.13914
Aberporth,-4.56999,52.13914
Aberporth,-4.56999,52.13914
Aberporth,-4.56999,52.13914
Aberporth,-4.56999,52.13914
Aberporth,-4.56999,52.13914
Aberporth,-4.56999,52.13914
Aberporth,-4.56999,52.13914
Aberporth,-4.56999,52.13914
Aberporth,-4.56999,52.13914
Aberporth,-4.56999,52.13914
Aberporth,-4.56999,52.13914
Aberporth,-4.56999,52.13914
Aberporth,-4.56999,52.13914
Aberporth,-4.56999,52.13914
Aberporth,-4.56999,52.13914
Aberporth,-4.56999,52.13914
Aberporth,-4.56999,52.13914
Aberporth,-4.56999,52.13914
Aberporth,-4.56999,52.13914
Aberporth,-4.56999,52.13914
Aberporth,-4.56999,52.13914
Aberporth,-4.56999,52.13914
Aberporth,-4.56999,52.13914
Aberporth,-4.56999,52.13914
Aberporth,-4.56999,52.13914
Aberporth,-4.56999,52.13914
Aberporth,-4.56999,52.13914
Aberporth,-4.56999,52.13914
Aberporth,-4.56999,52.13914
Aberporth,-4.56999,52.13914
Aberporth,-4.56999,52.13914
Aberporth,-4.56999,52.13914
Aberporth,-4.56999,52.13914
Aberporth,-4.56999,52.13914
Aberporth,-4.56999,52.13914
Aberporth,-4.56999,52.13914
Aberporth,-4.56999,52.13914
Aberporth,-4.56999,52.13914
Aberporth,-4.56999,52.13914
Aberporth,-4.56999,52.13914
Aberporth,-4.56999,52.13914
Aberporth,-4.56999,52.13914
Aberporth,-4.56999,52.13914
Aberporth,-4.56999,52.13914
Aberporth,-4.56999,52.13914
Aberporth,-4.56999,52.13914
Aberporth,-4.56999,52.13914
Aberporth,-4.56999,52.13914
Aberporth,-4.56999,52.13914
Aberporth,-4.56999,52.13914
Aberporth,-4.56999,52.13914
Aberporth,-4.56999,52.13914
Aberporth,-4.56999,52.13914
Aberporth,-4.56999,52.13914
Aberporth,-4.56999,52.13914
Aberporth,-4.56999,52.13914
Aberporth,-4.56999,52.13914
Aberporth,-4.56999,52.13914
Aberporth,-4.56999,52.13914
Aberporth,-4.56999,52.13914
Aberporth,-4.56999,52.13914
Aberporth,-4.56999,52.13914
Aberporth,-4.56999,52.13914
Aberporth,-4.56999,52.13914
Aberporth,-4.56999,52.13914
Aberporth,-4.56999,52.13914
Aberporth,-4.56999,52.13914
Aberporth,-4.56999,52.13914
Aberporth,-4.56999,52.13914
Aberporth,-4.56999,52.13914
Aberporth,-4.56999,52.13914
Aberporth,-4.56999,52.13914
Aberporth,-4.56999,52.13914
Aberporth,-4.56999,52.13914
Aberporth,-4.56999,52.13914
Aberporth,-4.56999,52.13914
Aberporth,-4.56999,52.13914
Aberporth,-4.56999,52.13914
Aberporth,-4.56999,52.13914
Aberporth,-4.56999,52.13914
Aberporth,-4.56999,52.13914
Aberporth,-4.56999,52.13914
Aberporth,-4.56999,52.13914
Aberporth,-4.56999,52.13914
Aberporth,-4.56999,52.13914
Aberporth,-4.56999,52.13914
Aberporth,-4.56999,52.13914
Aberporth,-4.56999,52.13914
Aberporth,-4.56999,52.13914
Aberporth,-4.56999,52.13914
Aberporth,-4.56999,52.13914
Aberporth,-4.56999,52.13914
Aberporth,-4.56999,52.13914
Aberporth,-4.56999,52.13914
Aberporth,-4.56999,52.13914
Aberporth,-4.56999,52.13914
Aberporth,-4.56999,52.13914
Aberporth,-4.56999,52.13914
Aberporth,-4.56999,52.13914
Aberporth,-4.56999,52.13914
Aberporth,-4.56999,52.13914
Aberporth,-4.56999,52.13914
Aberporth,-4.56999,52.13914
Aberporth,-4.56999,52.13914
Aberporth,-4.56999,52.13914
Aberporth,-4.56999,52.13914
Aberporth,-4.56999,52.13914
Aberporth,-4.56999,52.13914
Aberporth,-4.56999,52.13914
Aberporth,-4.56999,52.13914
Aberporth,-4.56999,52.13914
Aberporth,-4.56999,52.13914
Aberporth,-4.56999,52.13914
Aberporth,-4.56999,52.13914
Aberporth,-4.56999,52.13914
Aberporth,-4.56999,52.13914
Aberporth,-4.56999,52.13914
Aberporth,-4.56999,52.13914
Aberporth,-4.56999,52.13914
Aberporth,-4.56999,52.13914
Aberporth,-4.56999,52.13914
Aberporth,-4.56999,52.13914
Aberporth,-4.56999,52.13914
Aberporth,-4.56999,52.13914
Aberporth,-4.56999,52.13914
Aberporth,-4.56999,52.13914
Aberporth,-4.56999,52.13914
Aberporth,-4.56999,52.13914
Aberporth,-4.56999,52.13914
Aberporth,-4.56999,52.13914
Aberporth,-4.56999,52.13914
Aberporth,-4.56999,52.13914
Aberporth,-4.56999,52.13914
Aberporth,-4.56999,52.13914
Aberporth,-4.56999,52.13914
Aberporth,-4.56999,52.13914
Aberporth,-4.56999,52.13914
Aberporth,-4.56999,52.13914
Aberporth,-4.56999,52.13914
Aberporth,-4.56999,52.13914
Aberporth,-4.56999,52.13914
Aberporth,-4.56999,52.13914
Aberporth,-4.56999,52.13914
Aberporth,-4.56999,52.13914
Aberporth,-4.56999,52.13914
Aberporth,-4.56999,52.13914
Aberporth,-4.56999,52.13914
Aberporth,-4.56999,52.13914
Aberporth,-4.56999,52.13914
Aberporth,-4.56999,52.13914
Aberporth,-4.56999,52.13914
Aberporth,-4.56999,52.13914
Aberporth,-4.56999,52.13914
Aberporth,-4.56999,52.13914
Aberporth,-4.56999,52.13914
Aberporth,-4.56999,52.13914
Aberporth,-4.56999,52.13914
Aberporth,-4.56999,52.13914
Aberporth,-4.56999,52.13914
Aberporth,-4.56999,52.13914
Aberporth,-4.56999,52.13914
Aberporth,-4.56999,52.13914
Armagh,-6.64866,54.35234
Armagh,-6.64866,54.35234
Armagh,-6.64866,54.35234
Armagh,-6.64866,54.35234
Armagh,-6.64866,54.35234
Armagh,-6.64866,54.35234
Armagh,-6.64866,54.35234
Armagh,-6.64866,54.35234
Armagh,-6.64866,54.35234
Armagh,-6.64866,54.35234
Armagh,-6.64866,54.35234
Armagh,-6.64866,54.35234
Armagh,-6.64866,54.35234
Armagh,-6.64866,54.35234
Armagh,-6.64866,54.35234
Armagh,-6.64866,54.35234
Armagh,-6.64866,54.35234
Armagh,-6.64866,54.35234
Armagh,-6.64866,54.35234
Armagh,-6.64866,54.35234
Armagh,-6.64866,54.35234
Armagh,-6.64866,54.35234
Armagh,-6.64866,54.35234
Armagh,-6.64866,54.35234
Armagh,-6.64866,54.35234
Armagh,-6.64866,54.35234
Armagh,-6.64866,54.35234
Armagh,-6.64866,54.35234
Armagh,-6.64866,54.35234
Armagh,-6.64866,54.35234
Armagh,-6.64866,54.35234
Armagh,-6.64866,54.35234
Armagh,-6.64866,54.35234
Armagh,-6.64866,54.35234
Armagh,-6.64866,54.35234
Armagh,-6.64866,54.35234
Armagh,-6.64866,54.35234
Armagh,-6.64866,54.35234
Armagh,-6.64866,54.35234
Armagh,-6.64866,54.35234
Armagh,-6.64866,54.35234
Armagh,-6.64866,54.35234
Armagh,-6.64866,54.35234
Armagh,-6.64866,54.35234
Armagh,-6.64866,54.35234
Armagh,-6.64866,54.35234
Armagh,-6.64866,54.35234
Armagh,-6.64866,54.35234
Armagh,-6.64866,54.35234
Armagh,-6.64866,54.35234
Armagh,-6.64866,54.35234
Armagh,-6.64866,54.35234
Armagh,-6.64866,54.35234
Armagh,-6.64866,54.35234
Armagh,-6.64866,54.35234
Armagh,-6.64866,54.35234
Armagh,-6.64866,54.35234
Armagh,-6.64866,54.35234
Armagh,-6.64866,54.35234
Armagh,-6.64866,54.35234
Armagh,-6.64866,54.35234
Armagh,-6.64866,54.35234
Armagh,-6.64866,54.35234
Armagh,-6.64866,54.35234
Armagh,-6.64866,54.35234
Armagh,-6.64866,54.35234
Armagh,-6.64866,54.35234
Armagh,-6.64866,54.35234
Armagh,-6.64866,54.35234
Armagh,-6.64866,54.35234
Armagh,-6.64866,54.35234
Armagh,-6.64866,54.35234
Armagh,-6.64866,54.35234
Armagh,-6.64866,54.35234
Armagh,-6.64866,54.35234
Armagh,-6.64866,54.35234
Armagh,-6.64866,54.35234
Armagh,-6.64866,54.35234
Armagh,-6.64866,54.35234
Armagh,-6.64866,54.35234
Armagh,-6.64866,54.35234
Armagh,-6.64866,54.35234
Armagh,-6.64866,54.35234
Armagh,-6.64866,54.35234
Armagh,-6.64866,54.35234
Armagh,-6.64866,54.35234
Armagh,-6.64866,54.35234
Armagh,-6.64866,54.35234
Armagh,-6.64866,54.35234
Armagh,-6.64866,54.35234
Armagh,-6.64866,54.35234
Armagh,-6.64866,54.35234
Armagh,-6.64866,54.35234
Armagh,-6.64866,54.35234
Armagh,-6.64866,54.35234
Armagh,-6.64866,54.35234
Armagh,-6.64866,54.35234
Armagh,-6.64866,54.35234
Armagh,-6.64866,54.35234
Armagh,-6.64866,54.35234
Armagh,-6.64866,54.35234
Armagh,-6.64866,54.35234
Armagh,-6.64866,54.35234
Armagh,-6.64866,54.35234
Armagh,-6.64866,54.35234
Armagh,-6.64866,54.35234
Armagh,-6.64866,54.35234
Armagh,-6.64866,54.35234
Armagh,-6.64866,54.35234
Armagh,-6.64866,54.35234
Armagh,-6.64866,54.35234
Armagh,-6.64866,54.35234
Armagh,-6.64866,54.35234
Armagh,-6.64866,54.35234
Armagh,-6.64866,54.35234
Armagh,-6.64866,54.35234
Armagh,-6.64866,54.35234
Armagh,-6.64866,54.35234
Armagh,-6.64866,54.35234
Armagh,-6.64866,54.35234
Armagh,-6.64866,54.35234
Armagh,-6.64866,54.35234
Armagh,-6.64866,54.35234
Armagh,-6.64866,54.35234
Armagh,-6.64866,54.35234
Armagh,-6.64866,54.35234
Armagh,-6.64866,54.35234
Armagh,-6.64866,54.35234
Armagh,-6.64866,54.35234
Armagh,-6.64866,54.35234
Armagh,-6.64866,54.35234
Armagh,-6.64866,54.35234
Armagh,-6.64866,54.35234
Armagh,-6.64866,54.35234
Armagh,-6.64866,54.35234
Armagh,-6.64866,54.35234
Armagh,-6.64866,54.35234
Armagh,-6.64866,54.35234
Armagh,-6.64866,54.35234
Armagh,-6.64866,54.35234
Armagh,-6.64866,54.35234
Armagh,-6.64866,54.35234
Armagh,-6.64866,54.35234
Armagh,-6.64866,54.35234
Armagh,-6.64866,54.35234
Armagh,-6.64866,54.35234
Armagh,-6.64866,54.35234
Armagh,-6.64866,54.35234
Armagh,-6.64866,54.35234
Armagh,-6.64866,54.35234
Armagh,-6.64866,54.35234
Armagh,-6.64866,54.35234
Armagh,-6.64866,54.35234
Armagh,-6.64866,54.35234
Armagh,-6.64866,54.35234
Armagh,-6.64866,54.35234
Armagh,-6.64866,54.35234
Armagh,-6.64866,54.35234
Armagh,-6.64866,54.35234
Armagh,-6.64866,54.35234
Armagh,-6.64866,54.35234
Armagh,-6.64866,54.35234
Armagh,-6.64866,54.35234
Armagh,-6.64866,54.35234
Armagh,-6.64866,54.35234
Armagh,-6.64866,54.35234
Armagh,-6.64866,54.35234
Armagh,-6.64866,54.35234
Armagh,-6.64866,54.35234
Armagh,-6.64866,54.35234
Armagh,-6.64866,54.35234
Armagh,-6.64866,54.35234
Armagh,-6.64866,54.35234
Armagh,-6.64866,54.35234
Armagh,-6.64866,54.35234
Armagh,-6.64866,54.35234
Armagh,-6.64866,54.35234
Armagh,-6.64866,54.35234
Armagh,-6.64866,54.35234
Armagh,-6.64866,54.35234
Bradford,-1.77234,53.81341
Bradford,-1.77234,53.81341
Bradford,-1.77234,53.81341
Bradford,-1.77234,53.81341
Bradford,-1.77234,53.81341
Bradford,-1.77234,53.81341
Bradford,-1.77234,53.81341
Bradford,-1.77234,53.81341
Bradford,-1.77234,53.81341
Bradford,-1.77234,53.81341
Bradford,-1.77234,53.81341
Bradford,-1.77234,53.81341
Bradford,-1.77234,53.81341
Bradford,-1.77234,53.81341
Bradford,-1.77234,53.81341
Bradford,-1.77234,53.81341
Bradford,-1.77234,53.81341
Bradford,-1.77234,53.81341
Bradford,-1.77234,53.81341
Bradford,-1.77234,53.81341
Bradford,-1.77234,53.81341
Bradford,-1.77234,53.81341
Bradford,-1.77234,53.81341
Bradford,-1.77234,53.81341
Bradford,-1.77234,53.81341
Bradford,-1.77234,53.81341
Bradford,-1.77234,53.81341
Bradford,-1.77234,53.81341
Bradford,-1.77234,53.81341
Bradford,-1.77234,53.81341
Bradford,-1.77234,53.81341
Bradford,-1.77234,53.81341
Bradford,-1.77234,53.81341
Bradford,-1.77234,53.81341
Bradford,-1.77234,53.81341
Bradford,-1.77234,53.81341
Bradford,-1.77234,53.81341
Bradford,-1.77234,53.81341
Bradford,-1.77234,53.81341
Bradford,-1.77234,53.81341
Bradford,-1.77234,53.81341
Bradford,-1.77234,53.81341
Bradford,-1.77234,53.81341
Bradford,-1.77234,53.81341
Bradford,-1.77234,53.81341
Bradford,-1.77234,53.81341
Bradford,-1.77234,53.81341
Bradford,-1.77234,53.81341
Bradford,-1.77234,53.81341
Bradford,-1.77234,53.81341
Bradford,-1.77234,53.81341
Bradford,-1.77234,53.81341
Bradford,-1.77234,53.81341
Bradford,-1.77234,53.81341
Bradford,-1.77234,53.81341
Bradford,-1.77234,53.81341
Bradford,-1.77234,53.81341
Bradford,-1.77234,53.81341
Bradford,-1.77234,53.81341
Bradford,-1.77234,53.81341
Bradford,-1.77234,53.81341
Bradford,-1.77234,53.81341
Bradford,-1.77234,53.81341
Bradford,-1.77234,53.81341
Bradford,-1.77234,53.81341
Bradford,-1.77234,53.81341
Bradford,-1.77234,53.81341
Bradford,-1.77234,53.81341
Bradford,-1.77234,53.81341
Bradford,-1.77234,53.81341
Bradford,-1.77234,53.81341
Bradford,-1.77234,53.81341
Bradford,-1.77234,53.81341
Bradford,-1.77234,53.81341
Bradford,-1.77234,53.81341
Bradford,-1.77234,53.81341
Bradford,-1.77234,53.81341
Bradford,-1.77234,53.81341
Bradford,-1.77234,53.81341
Bradford,-1.77234,53.81341
Bradford,-1.77234,53.81341
Bradford,-1.77234,53.81341
Bradford,-1.77234,53.81341
Bradford,-1.77234,53.81341
Bradford,-1.77234,53.81341
Bradford,-1.77234,53.81341
Bradford,-1.77234,53.81341
Bradford,-1.77234,53.81341
Bradford,-1.77234,53.81341
Bradford,-1.77234,53.81341
Bradford,-1.77234,53.81341
Bradford,-1.77234,53.81341
Bradford,-1.77234,53.81341
Bradford,-1.77234,53.81341
Bradford,-1.77234,53.81341
Bradford,-1.77234,53.81341
Bradford,-1.77234,53.81341
Bradford,-1.77234,53.81341
Bradford,-1.77234,53.81341
Bradford,-1.77234,53.81341
Bradford,-1.77234,53.81341
Bradford,-1.77234,53.81341
Bradford,-1.77234,53.81341
Bradford,-1.77234,53.81341
Bradford,-1.77234,53.81341
Bradford,-1.77234,53.81341
Bradford,-1.77234,53.81341
Bradford,-1.77234,53.81341
Bradford,-1.77234,53.81341
Bradford,-1.77234,53.81341
Bradford,-1.77234,53.81341
Bradford,-1.77234,53.81341
Bradford,-1.77234,53.81341
Bradford,-1.77234,53.81341
Bradford,-1.77234,53.81341
Bradford,-1.77234,53.81341
Bradford,-1.77234,53.81341
Bradford,-1.77234,53.81341
Bradford,-1.77234,53.81341
Bradford,-1.77234,53.81341
Bradford,-1.77234,53.81341
Bradford,-1.77234,53.81341
Bradford,-1.77234,53.81341
Bradford,-1.77234,53.81341
Bradford,-1.77234,53.81341
Bradford,-1.77234,53.81341
Bradford,-1.77234,53.81341
Bradford,-1.77234,53.81341
Bradford,-1.77234,53.81341
Bradford,-1.77234,53.81341
Bradford,-1.77234,53.81341
Bradford,-1.77234,53.81341
Bradford,-1.77234,53.81341
Bradford,-1.77234,53.81341
Bradford,-1.77234,53.81341
Bradford,-1.77234,53.81341
Bradford,-1.77234,53.81341
Bradford,-1.77234,53.81341
Bradford,-1.77234,53.81341
Bradford,-1.77234,53.81341
Bradford,-1.77234,53.81341
Bradford,-1.77234,53.81341
Bradford,-1.77234,53.81341
Bradford,-1.77234,53.81341
Bradford,-1.77234,53.81341
Bradford,-1.77234,53.81341
Bradford,-1.77234,53.81341
Bradford,-1.77234,53.81341
Bradford,-1.77234,53.81341
Bradford,-1.77234,53.81341
Bradford,-1.77234,53.81341
Bradford,-1.77234,53.81341
Bradford,-1.77234,53.81341
Bradford,-1.77234,53.81341
Bradford,-1.77234,53.81341
Bradford,-1.77234,53.81341
Bradford,-1.77234,53.81341
Bradford,-1.77234,53.81341
Bradford,-1.77234,53.81341
Bradford,-1.77234,53.81341
Bradford,-1.77234,53.81341
Bradford,-1.77234,53.81341
Bradford,-1.77234,53.81341
Bradford,-1.77234,53.81341
Bradford,-1.77234,53.81341
Bradford,-1.77234,53.81341
Bradford,-1.77234,53.81341
Bradford,-1.77234,53.81341
Bradford,-1.77234,53.81341
Bradford,-1.77234,53.81341
Bradford,-1.77234,53.81341
Bradford,-1.77234,53.81341
Bradford,-1.77234,53.81341
Bradford,-1.77234,53.81341
Bradford,-1.77234,53.81341
Bradford,-1.77234,53.81341
Bradford,-1.77234,53.81341
Bradford,-1.77234,53.81341
Bradford,-1.77234,53.81341
Bradford,-1.77234,53.81341
Camborne,-5.32656,50.21782
Camborne,-5.32656,50.21782
Camborne,-5.32656,50.21782
Camborne,-5.32656,50.21782
Camborne,-5.32656,50.21782
Camborne,-5.32656,50.21782
Camborne,-5.32656,50.21782
Camborne,-5.32656,50.21782
Camborne,-5.32656,50.21782
Camborne,-5.32656,50.21782
Camborne,-5.32656,50.21782
Camborne,-5.32656,50.21782
Camborne,-5.32656,50.21782
Camborne,-5.32656,50.21782
Camborne,-5.32656,50.21782
Camborne,-5.32656,50.21782
Camborne,-5.32656,50.21782
Camborne,-5.32656,50.21782
Camborne,-5.32656,50.21782
Camborne,-5.32656,50.21782
Camborne,-5.32656,50.21782
Camborne,-5.32656,50.21782
Camborne,-5.32656,50.21782
Camborne,-5.32656,50.21782
Camborne,-5.32656,50.21782
Camborne,-5.32656,50.21782
Camborne,-5.32656,50.21782
Camborne,-5.32656,50.21782
Camborne,-5.32656,50.21782
Camborne,-5.32656,50.21782
Camborne,-5.32656,50.21782
Camborne,-5.32656,50.21782
Camborne,-5.32656,50.21782
Camborne,-5.32656,50.21782
Camborne,-5.32656,50.21782
Camborne,-5.32656,50.21782
Camborne,-5.32656,50.21782
Camborne,-5.32656,50.21782
Camborne,-5.32656,50.21782
Camborne,-5.32656,50.21782
Camborne,-5.32656,50.21782
Camborne,-5.32656,50.21782
Camborne,-5.32656,50.21782
Camborne,-5.32656,50.21782
Camborne,-5.32656,50.21782
Camborne,-5.32656,50.21782
Camborne,-5.32656,50.21782
Camborne,-5.32656,50.21782
Camborne,-5.32656,50.21782
Camborne,-5.32656,50.21782
Camborne,-5.32656,50.21782
Camborne,-5.32656,50.21782
Camborne,-5.32656,50.21782
Camborne,-5.32656,50.21782
Camborne,-5.32656,50.21782
Camborne,-5.32656,50.21782
Camborne,-5.32656,50.21782
Camborne,-5.32656,50.21782
Camborne,-5.32656,50.21782
Camborne,-5.32656,50.21782
Camborne,-5.32656,50.21782
Camborne,-5.32656,50.21782
Camborne,-5.32656,50.21782
Camborne,-5.32656,50.21782
Camborne,-5.32656,50.21782
Camborne,-5.32656,50.21782
Camborne,-5.32656,50.21782
Camborne,-5.32656,50.21782
Camborne,-5.32656,50.21782
Camborne,-5.32656,50.21782
Camborne,-5.32656,50.21782
Camborne,-5.32656,50.21782
Camborne,-5.32656,50.21782
Camborne,-5.32656,50.21782
Camborne,-5.32656,50.21782
Camborne,-5.32656,50.21782
Camborne,-5.32656,50.21782
Camborne,-5.32656,50.21782
Camborne,-5.32656,50.21782
Camborne,-5.32656,50.21782
Camborne,-5.32656,50.21782
Camborne,-5.32656,50.21782
Camborne,-5.32656,50.21782
Camborne,-5.32656,50.21782
Camborne,-5.32656,50.21782
Camborne,-5.32656,50.21782
Camborne,-5.32656,50.21782
Camborne,-5.32656,50.21782
Camborne,-5.32656,50.21782
Camborne,-5.32656,50.21782
Camborne,-5.32656,50.21782
Camborne,-5.32656,50.21782
Camborne,-5.32656,50.21782
Camborne,-5.32656,50.21782
Camborne,-5.32656,50.21782
Camborne,-5.32656,50.21782
Camborne,-5.32656,50.21782
Camborne,-5.32656,50.21782
Camborne,-5.32656,50.21782
Camborne,-5.32656,50.21782
Camborne,-5.32656,50.21782
Camborne,-5.32656,50.21782
Camborne,-5.32656,50.21782
Camborne,-5.32656,50.21782
Camborne,-5.32656,50.21782
Camborne,-5.32656,50.21782
Camborne,-5.32656,50.21782
Camborne,-5.32656,50.21782
Camborne,-5.32656,50.21782
Camborne,-5.32656,50.21782
Camborne,-5.32656,50.21782
Camborne,-5.32656,50.21782
Camborne,-5.32656,50.21782
Camborne,-5.32656,50.21782
Camborne,-5.32656,50.21782
Camborne,-5.32656,50.21782
Camborne,-5.32656,50.21782
Camborne,-5.32656,50.21782
Camborne,-5.32656,50.21782
Camborne,-5.32656,50.21782
Camborne,-5.32656,50.21782
Camborne,-5.32656,50.21782
Camborne,-5.32656,50.21782
Camborne,-5.32656,50.21782
Camborne,-5.32656,50.21782
Camborne,-5.32656,50.21782
Camborne,-5.32656,50.21782
Camborne,-5.32656,50.21782
Camborne,-5.32656,50.21782
Camborne,-5.32656,50.21782
Camborne,-5.32656,50.21782
Camborne,-5.32656,50.21782
Camborne,-5.32656,50.21782
Camborne,-5.32656,50.21782
Camborne,-5.32656,50.21782
Camborne,-5.32656,50.21782
Camborne,-5.32656,50.21782
Camborne,-5.32656,50.21782
Camborne,-5.32656,50.21782
Camborne,-5.32656,50.21782
Camborne,-5.32656,50.21782
Camborne,-5.32656,50.21782
Camborne,-5.32656,50.21782
Camborne,-5.32656,50.21782
Camborne,-5.32656,50.21782
Camborne,-5.32656,50.21782
Camborne,-5.32656,50.21782
Camborne,-5.32656,50.21782
Camborne,-5.32656,50.21782
Camborne,-5.32656,50.21782
Camborne,-5.32656,50.21782
Camborne,-5.32656,50.21782
Camborne,-5.32656,50.21782
Camborne,-5.32656,50.21782
Camborne,-5.32656,50.21782
Camborne,-5.32656,50.21782
Camborne,-5.32656,50.21782
Camborne,-5.32656,50.21782
Camborne,-5.32656,50.21782
Camborne,-5.32656,50.21782
Camborne,-5.32656,50.21782
Camborne,-5.32656,50.21782
Camborne,-5.32656,50.21782
Camborne,-5.32656,50.21782
Camborne,-5.32656,50.21782
Camborne,-5.32656,50.21782
Camborne,-5.32656,50.21782
Camborne,-5.32656,50.21782
Camborne,-5.32656,50.21782
Camborne,-5.32656,50.21782
Camborne,-5.32656,50.21782
Camborne,-5.32656,50.21782
Camborne,-5.32656,50.21782
Camborne,-5.32656,50.21782
Camborne,-5.32656,50.21782
Camborne,-5.32656,50.21782
Camborne,-5.32656,50.21782
Camborne,-5.32656,50.21782
Camborne,-5.32656,50.21782
Camborne,-5.32656,50.21782
Eastbourne,0.28543,50.76167
Eastbourne,0.28543,50.76167
Eastbourne,0.28543,50.76167
Eastbourne,0.28543,50.76167
Eastbourne,0.28543,50.76167
Eastbourne,0.28543,50.76167
Eastbourne,0.28543,50.76167
Eastbourne,0.28543,50.76167
Eastbourne,0.28543,50.76167
Eastbourne,0.28543,50.76167
Eastbourne,0.28543,50.76167
Eastbourne,0.28543,50.76167
Eastbourne,0.28543,50.76167
Eastbourne,0.28543,50.76167
Eastbourne,0.28543,50.76167
Eastbourne,0.28543,50.76167
Eastbourne,0.28543,50.76167
Eastbourne,0.28543,50.76167
Eastbourne,0.28543,50.76167
Eastbourne,0.28543,50.76167
Eastbourne,0.28543,50.76167
Eastbourne,0.28543,50.76167
Eastbourne,0.28543,50.76167
Eastbourne,0.28543,50.76167
Eastbourne,0.28543,50.76167
Eastbourne,0.28543,50.76167
Eastbourne,0.28543,50.76167
Eastbourne,0.28543,50.76167
Eastbourne,0.28543,50.76167
Eastbourne,0.28543,50.76167
Eastbourne,0.28543,50.76167
Eastbourne,0.28543,50.76167
Eastbourne,0.28543,50.76167
Eastbourne,0.28543,50.76167
Eastbourne,0.28543,50.76167
Eastbourne,0.28543,50.76167
Eastbourne,0.28543,50.76167
Eastbourne,0.28543,50.76167
Eastbourne,0.28543,50.76167
Eastbourne,0.28543,50.76167
Eastbourne,0.28543,50.76167
Eastbourne,0.28543,50.76167
Eastbourne,0.28543,50.76167
Eastbourne,0.28543,50.76167
Eastbourne,0.28543,50.76167
Eastbourne,0.28543,50.76167
Eastbourne,0.28543,50.76167
Eastbourne,0.28543,50.76167
Eastbourne,0.28543,50.76167
Eastbourne,0.28543,50.76167
Eastbourne,0.28543,50.76167
Eastbourne,0.28543,50.76167
Eastbourne,0.28543,50.76167
Eastbourne,0.28543,50.76167
Eastbourne,0.28543,50.76167
Eastbourne,0.28543,50.76167
Eastbourne,0.28543,50.76167
Eastbourne,0.28543,50.76167
Eastbourne,0.28543,50.76167
Eastbourne,0.28543,50.76167
Eastbourne,0.28543,50.76167
Eastbourne,0.28543,50.76167
Eastbourne,0.28543,50.76167
Eastbourne,0.28543,50.76167
Eastbourne,0.28543,50.76167
Eastbourne,0.28543,50.76167
Eastbourne,0.28543,50.76167
Eastbourne,0.28543,50.76167
Eastbourne,0.28543,50.76167
Eastbourne,0.28543,50.76167
Eastbourne,0.28543,50.76167
Eastbourne,0.28543,50.76167
Eastbourne,0.28543,50.76167
Eastbourne,0.28543,50.76167
Eastbourne,0.28543,50.76167
Eastbourne,0.28543,50.76167
Eastbourne,0.28543,50.76167
Eastbourne,0.28543,50.76167
Eastbourne,0.28543,50.76167
Eastbourne,0.28543,50.76167
Eastbourne,0.28543,50.76167
Eastbourne,0.28543,50.76167
Eastbourne,0.28543,50.76167
Eastbourne,0.28543,50.76167
Eastbourne,0.28543,50.76167
Eastbourne,0.28543,50.76167
Eastbourne,0.28543,50.76167
Eastbourne,0.28543,50.76167
Eastbourne,0.28543,50.76167
Eastbourne,0.28543,50.76167
Eastbourne,0.28543,50.76167
Eastbourne,0.28543,50.76167
Eastbourne,0.28543,50.76167
Eastbourne,0.28543,50.76167
Eastbourne,0.28543,50.76167
Eastbourne,0.28543,50.76167
Eastbourne,0.28543,50.76167
Eastbourne,0.28543,50.76167
Eastbourne,0.28543,50.76167
Eastbourne,0.28543,50.76167
Eastbourne,0.28543,50.76167
Eastbourne,0.28543,50.76167
Eastbourne,0.28543,50.76167
Eastbourne,0.28543,50.76167
Eastbourne,0.28543,50.76167
Eastbourne,0.28543,50.76167
Eastbourne,0.28543,50.76167
Eastbourne,0.28543,50.76167
Eastbourne,0.28543,50.76167
Eastbourne,0.28543,50.76167
Eastbourne,0.28543,50.76167
Eastbourne,0.28543,50.76167
Eastbourne,0.28543,50.76167
Eastbourne,0.28543,50.76167
Eastbourne,0.28543,50.76167
Eastbourne,0.28543,50.76167
Eastbourne,0.28543,50.76167
Eastbourne,0.28543,50.76167
Eastbourne,0.28543,50.76167
Eastbourne,0.28543,50.76167
Eastbourne,0.28543,50.76167
Eastbourne,0.28543,50.76167
Eastbourne,0.28543,50.76167
Eastbourne,0.28543,50.76167
Eastbourne,0.28543,50.76167
Eastbourne,0.28543,50.76167
Eastbourne,0.28543,50.76167
Eastbourne,0.28543,50.76167
Eastbourne,0.28543,50.76167
Eastbourne,0.28543,50.76167
Eastbourne,0.28543,50.76167
Eastbourne,0.28543,50.76167
Eastbourne,0.28543,50.76167
Eastbourne,0.28543,50.76167
Eastbourne,0.28543,50.76167
Eastbourne,0.28543,50.76167
Eastbourne,0.28543,50.76167
Eastbourne,0.28543,50.76167
Eastbourne,0.28543,50.76167
Eastbourne,0.28543,50.76167
Eastbourne,0.28543,50.76167
Eastbourne,0.28543,50.76167
Eastbourne,0.28543,50.76167
Eastbourne,0.28543,50.76167
Eastbourne,0.28543,50.76167
Eastbourne,0.28543,50.76167
Eastbourne,0.28543,50.76167
Eastbourne,0.28543,50.76167
Eastbourne,0.28543,50.76167
Eastbourne,0.28543,50.76167
Eastbourne,0.28543,50.76167
Eastbourne,0.28543,50.76167
Eastbourne,0.28543,50.76167
Eastbourne,0.28543,50.76167
Eastbourne,0.28543,50.76167
Eastbourne,0.28543,50.76167
Eastbourne,0.28543,50.76167
Eastbourne,0.28543,50.76167
Eastbourne,0.28543,50.76167
Eastbourne,0.28543,50.76167
Eastbourne,0.28543,50.76167
Eastbourne,0.28543,50.76167
Eastbourne,0.28543,50.76167
Eastbourne,0.28543,50.76167
Eastbourne,0.28543,50.76167
Eastbourne,0.28543,50.76167
Eastbourne,0.28543,50.76167
Eastbourne,0.28543,50.76167
Eastbourne,0.28543,50.76167
Eastbourne,0.28543,50.76167
Eastbourne,0.28543,50.76167
Eastbourne,0.28543,50.76167
Eastbourne,0.28543,50.76167
Eastbourne,0.28543,50.76167
Eastbourne,0.28543,50.76167
Eastbourne,0.28543,50.76167
Eastbourne,0.28543,50.76167
Eastbourne,0.28543,50.76167
Eastbourne,0.28543,50.76167
Eastbourne,0.28543,50.76167
Eskdalemuir,-3.206,55.311
Eskdalemuir,-3.206,55.311
Eskdalemuir,-3.206,55.311
Eskdalemuir,-3.206,55.311
Eskdalemuir,-3.206,55.311
Eskdalemuir,-3.206,55.311
Eskdalemuir,-3.206,55.311
Eskdalemuir,-3.206,55.311
Eskdalemuir,-3.206,55.311
Eskdalemuir,-3.206,55.311
Eskdalemuir,-3.206,55.311
Eskdalemuir,-3.206,55.311
Eskdalemuir,-3.206,55.311
Eskdalemuir,-3.206,55.311
Eskdalemuir,-3.206,55.311
Eskdalemuir,-3.206,55.311
Eskdalemuir,-3.206,55.311
Eskdalemuir,-3.206,55.311
Eskdalemuir,-3.206,55.311
Eskdalemuir,-3.206,55.311
Eskdalemuir,-3.206,55.311
Eskdalemuir,-3.206,55.311
Eskdalemuir,-3.206,55.311
Eskdalemuir,-3.206,55.311
Eskdalemuir,-3.206,55.311
Eskdalemuir,-3.206,55.311
Eskdalemuir,-3.206,55.311
Eskdalemuir,-3.206,55.311
Eskdalemuir,-3.206,55.311
Eskdalemuir,-3.206,55.311
Eskdalemuir,-3.206,55.311
Eskdalemuir,-3.206,55.311
Eskdalemuir,-3.206,55.311
Eskdalemuir,-3.206,55.311
Eskdalemuir,-3.206,55.311
Eskdalemuir,-3.206,55.311
Eskdalemuir,-3.206,55.311
Eskdalemuir,-3.206,55.311
Eskdalemuir,-3.206,55.311
Eskdalemuir,-3.206,55.311
Eskdalemuir,-3.206,55.311
Eskdalemuir,-3.206,55.311
Eskdalemuir,-3.206,55.311
Eskdalemuir,-3.206,55.311
Eskdalemuir,-3.206,55.311
Eskdalemuir,-3.206,55.311
Eskdalemuir,-3.206,55.311
Eskdalemuir,-3.206,55.311
Eskdalemuir,-3.206,55.311
Eskdalemuir,-3.206,55.311
Eskdalemuir,-3.206,55.311
Eskdalemuir,-3.206,55.311
Eskdalemuir,-3.206,55.311
Eskdalemuir,-3.206,55.311
Eskdalemuir,-3.206,55.311
Eskdalemuir,-3.206,55.311
Eskdalemuir,-3.206,55.311
Eskdalemuir,-3.206,55.311
Eskdalemuir,-3.206,55.311
Eskdalemuir,-3.206,55.311
Eskdalemuir,-3.206,55.311
Eskdalemuir,-3.206,55.311
Eskdalemuir,-3.206,55.311
Eskdalemuir,-3.206,55.311
Eskdalemuir,-3.206,55.311
Eskdalemuir,-3.206,55.311
Eskdalemuir,-3.206,55.311
Eskdalemuir,-3.206,55.311
Eskdalemuir,-3.206,55.311
Eskdalemuir,-3.206,55.311
Eskdalemuir,-3.206,55.311
Eskdalemuir,-3.206,55.311
Eskdalemuir,-3.206,55.311
Eskdalemuir,-3.206,55.311
Eskdalemuir,-3.206,55.311
Eskdalemuir,-3.206,55.311
Eskdalemuir,-3.206,55.311
Eskdalemuir,-3.206,55.311
Eskdalemuir,-3.206,55.311
Eskdalemuir,-3.206,55.311
Eskdalemuir,-3.206,55.311
Eskdalemuir,-3.206,55.311
Eskdalemuir,-3.206,55.311
Eskdalemuir,-3.206,55.311
Eskdalemuir,-3.206,55.311
Eskdalemuir,-3.206,55.311
Eskdalemuir,-3.206,55.311
Eskdalemuir,-3.206,55.311
Eskdalemuir,-3.206,55.311
Eskdalemuir,-3.206,55.311
Eskdalemuir,-3.206,55.311
Eskdalemuir,-3.206,55.311
Eskdalemuir,-3.206,55.311
Eskdalemuir,-3.206,55.311
Eskdalemuir,-3.206,55.311
Eskdalemuir,-3.206,55.311
Eskdalemuir,-3.206,55.311
Eskdalemuir,-3.206,55.311
Eskdalemuir,-3.206,55.311
Eskdalemuir,-3.206,55.311
Eskdalemuir,-3.206,55.311
Eskdalemuir,-3.206,55.311
Eskdalemuir,-3.206,55.311
Eskdalemuir,-3.206,55.311
Eskdalemuir,-3.206,55.311
Eskdalemuir,-3.206,55.311
Eskdalemuir,-3.206,55.311
Eskdalemuir,-3.206,55.311
Eskdalemuir,-3.206,55.311
Eskdalemuir,-3.206,55.311
Eskdalemuir,-3.206,55.311
Eskdalemuir,-3.206,55.311
Eskdalemuir,-3.206,55.311
Eskdalemuir,-3.206,55.311
Eskdalemuir,-3.206,55.311
Eskdalemuir,-3.206,55.311
Eskdalemuir,-3.206,55.311
Eskdalemuir,-3.206,55.311
Eskdalemuir,-3.206,55.311
Eskdalemuir,-3.206,55.311
Eskdalemuir,-3.206,55.311
Eskdalemuir,-3.206,55.311
Eskdalemuir,-3.206,55.311
Eskdalemuir,-3.206,55.311
Eskdalemuir,-3.206,55.311
Eskdalemuir,-3.206,55.311
Eskdalemuir,-3.206,55.311
Eskdalemuir,-3.206,55.311
Eskdalemuir,-3.206,55.311
Eskdalemuir,-3.206,55.311
Eskdalemuir,-3.206,55.311
Eskdalemuir,-3.206,55.311
Eskdalemuir,-3.206,55.311
Eskdalemuir,-3.206,55.311
Eskdalemuir,-3.206,55.311
Eskdalemuir,-3.206,55.311
Eskdalemuir,-3.206,55.311
Eskdalemuir,-3.206,55.311
Eskdalemuir,-3.206,55.311
Eskdalemuir,-3.206,55.311
Eskdalemuir,-3.206,55.311
Eskdalemuir,-3.206,55.311
Eskdalemuir,-3.206,55.311
Eskdalemuir,-3.206,55.311
Eskdalemuir,-3.206,55.311
Eskdalemuir,-3.206,55.311
Eskdalemuir,-3.206,55.311
Eskdalemuir,-3.206,55.311
Eskdalemuir,-3.206,55.311
Eskdalemuir,-3.206,55.311
Eskdalemuir,-3.206,55.311
Eskdalemuir,-3.206,55.311
Eskdalemuir,-3.206,55.311
Eskdalemuir,-3.206,55.311
Eskdalemuir,-3.206,55.311
Eskdalemuir,-3.206,55.311
Eskdalemuir,-3.206,55.311
Eskdalemuir,-3.206,55.311
Eskdalemuir,-3.206,55.311
Eskdalemuir,-3.206,55.311
Eskdalemuir,-3.206,55.311
Eskdalemuir,-3.206,55.311
Eskdalemuir,-3.206,55.311
Eskdalemuir,-3.206,55.311
Eskdalemuir,-3.206,55.311
Eskdalemuir,-3.206,55.311
Eskdalemuir,-3.206,55.311
Eskdalemuir,-3.206,55.311
Eskdalemuir,-3.206,55.311
Eskdalemuir,-3.206,55.311
Eskdalemuir,-3.206,55.311
Eskdalemuir,-3.206,55.311
Eskdalemuir,-3.206,55.311
Eskdalemuir,-3.206,55.311
Eskdalemuir,-3.206,55.311
Eskdalemuir,-3.206,55.311
Eskdalemuir,-3.206,55.311
Eskdalemuir,-3.206,55.311
Eskdalemuir,-3.206,55.311
Eskdalemuir,-3.206,55.311
Heathrow,-0.44904,51.47872
Heathrow,-0.44904,51.47872
Heathrow,-0.44904,51.47872
Heathrow,-0.44904,51.47872
Heathrow,-0.44904,51.47872
Heathrow,-0.44904,51.47872
Heathrow,-0.44904,51.47872
Heathrow,-0.44904,51.47872
Heathrow,-0.44904,51.47872
Heathrow,-0.44904,51.47872
Heathrow,-0.44904,51.47872
Heathrow,-0.44904,51.47872
Heathrow,-0.44904,51.47872
Heathrow,-0.44904,51.47872
Heathrow,-0.44904,51.47872
Heathrow,-0.44904,51.47872
Heathrow,-0.44904,51.47872
Heathrow,-0.44904,51.47872
Heathrow,-0.44904,51.47872
Heathrow,-0.44904,51.47872
Heathrow,-0.44904,51.47872
Heathrow,-0.44904,51.47872
Heathrow,-0.44904,51.47872
Heathrow,-0.44904,51.47872
Heathrow,-0.44904,51.47872
Heathrow,-0.44904,51.47872
Heathrow,-0.44904,51.47872
Heathrow,-0.44904,51.47872
Heathrow,-0.44904,51.47872
Heathrow,-0.44904,51.47872
Heathrow,-0.44904,51.47872
Heathrow,-0.44904,51.47872
Heathrow,-0.44904,51.47872
Heathrow,-0.44904,51.47872
Heathrow,-0.44904,51.47872
Heathrow,-0.44904,51.47872
Heathrow,-0.44904,51.47872
Heathrow,-0.44904,51.47872
Heathrow,-0.44904,51.47872
Heathrow,-0.44904,51.47872
Heathrow,-0.44904,51.47872
Heathrow,-0.44904,51.47872
Heathrow,-0.44904,51.47872
Heathrow,-0.44904,51.47872
Heathrow,-0.44904,51.47872
Heathrow,-0.44904,51.47872
Heathrow,-0.44904,51.47872
Heathrow,-0.44904,51.47872
Heathrow,-0.44904,51.47872
Heathrow,-0.44904,51.47872
Heathrow,-0.44904,51.47872
Heathrow,-0.44904,51.47872
Heathrow,-0.44904,51.47872
Heathrow,-0.44904,51.47872
Heathrow,-0.44904,51.47872
Heathrow,-0.44904,51.47872
Heathrow,-0.44904,51.47872
Heathrow,-0.44904,51.47872
Heathrow,-0.44904,51.47872
Heathrow,-0.44904,51.47872
Heathrow,-0.44904,51.47872
Heathrow,-0.44904,51.47872
Heathrow,-0.44904,51.47872
Heathrow,-0.44904,51.47872
Heathrow,-0.44904,51.47872
Heathrow,-0.44904,51.47872
Heathrow,-0.44904,51.47872
Heathrow,-0.44904,51.47872
Heathrow,-0.44904,51.47872
Heathrow,-0.44904,51.47872
Heathrow,-0.44904,51.47872
Heathrow,-0.44904,51.47872
Heathrow,-0.44904,51.47872
Heathrow,-0.44904,51.47872
Heathrow,-0.44904,51.47872
Heathrow,-0.44904,51.47872
Heathrow,-0.44904,51.47872
Heathrow,-0.44904,51.47872
Heathrow,-0.44904,51.47872
Heathrow,-0.44904,51.47872
Heathrow,-0.44904,51.47872
Heathrow,-0.44904,51.47872
Heathrow,-0.44904,51.47872
Heathrow,-0.44904,51.47872
Heathrow,-0.44904,51.47872
Heathrow,-0.44904,51.47872
Heathrow,-0.44904,51.47872
Heathrow,-0.44904,51.47872
Heathrow,-0.44904,51.47872
Heathrow,-0.44904,51.47872
Heathrow,-0.44904,51.47872
Heathrow,-0.44904,51.47872
Heathrow,-0.44904,51.47872
Heathrow,-0.44904,51.47872
Heathrow,-0.44904,51.47872
Heathrow,-0.44904,51.47872
Heathrow,-0.44904,51.47872
Heathrow,-0.44904,51.47872
Heathrow,-0.44904,51.47872
Heathrow,-0.44904,51.47872
Heathrow,-0.44904,51.47872
Heathrow,-0.44904,51.47872
Heathrow,-0.44904,51.47872
Heathrow,-0.44904,51.47872
Heathrow,-0.44904,51.47872
Heathrow,-0.44904,51.47872
Heathrow,-0.44904,51.47872
Heathrow,-0.44904,51.47872
Heathrow,-0.44904,51.47872
Heathrow,-0.44904,51.47872
Heathrow,-0.44904,51.47872
Heathrow,-0.44904,51.47872
Heathrow,-0.44904,51.47872
Heathrow,-0.44904,51.47872
Heathrow,-0.44904,51.47872
Heathrow,-0.44904,51.47872
Heathrow,-0.44904,51.47872
Heathrow,-0.44904,51.47872
Heathrow,-0.44904,51.47872
Heathrow,-0.44904,51.47872
Heathrow,-0.44904,51.47872
Heathrow,-0.44904,51.47872
Heathrow,-0.44904,51.47872
Heathrow,-0.44904,51.47872
Heathrow,-0.44904,51.47872
Heathrow,-0.44904,51.47872
Heathrow,-0.44904,51.47872
Heathrow,-0.44904,51.47872
Heathrow,-0.44904,51.47872
Heathrow,-0.44904,51.47872
Heathrow,-0.44904,51.47872
Heathrow,-0.44904,51.47872
Heathrow,-0.44904,51.47872
Heathrow,-0.44904,51.47872
Heathrow,-0.44904,51.47872
Heathrow,-0.44904,51.47872
Heathrow,-0.44904,51.47872
Heathrow,-0.44904,51.47872
Heathrow,-0.44904,51.47872
Heathrow,-0.44904,51.47872
Heathrow,-0.44904,51.47872
Heathrow,-0.44904,51.47872
Heathrow,-0.44904,51.47872
Heathrow,-0.44904,51.47872
Heathrow,-0.44904,51.47872
Heathrow,-0.44904,51.47872
Heathrow,-0.44904,51.47872
Heathrow,-0.44904,51.47872
Heathrow,-0.44904,51.47872
Heathrow,-0.44904,51.47872
Heathrow,-0.44904,51.47872
Heathrow,-0.44904,51.47872
Heathrow,-0.44904,51.47872
Heathrow,-0.44904,51.47872
Heathrow,-0.44904,51.47872
Heathrow,-0.44904,51.47872
Heathrow,-0.44904,51.47872
Heathrow,-0.44904,51.47872
Heathrow,-0.44904,51.47872
Heathrow,-0.44904,51.47872
Heathrow,-0.44904,51.47872
Heathrow,-0.44904,51.47872
Heathrow,-0.44904,51.47872
Heathrow,-0.44904,51.47872
Heathrow,-0.44904,51.47872
Heathrow,-0.44904,51.47872
Heathrow,-0.44904,51.47872
Heathrow,-0.44904,51.47872
Heathrow,-0.44904,51.47872
Heathrow,-0.44904,51.47872
Heathrow,-0.44904,51.47872
Heathrow,-0.44904,51.47872
Heathrow,-0.44904,51.47872
Heathrow,-0.44904,51.47872
Heathrow,-0.44904,51.47872
Heathrow,-0.44904,51.47872
Heathrow,-0.44904,51.47872
Heathrow,-0.44904,51.47872
Heathrow,-0.44904,51.47872
Heathrow,-0.44904,51.47872
Hurn,-1.83483,50.7789
Hurn,-1.83483,50.7789
Hurn,-1.83483,50.7789
Hurn,-1.83483,50.7789
Hurn,-1.83483,50.7789
Hurn,-1.83483,50.7789
Hurn,-1.83483,50.7789
Hurn,-1.83483,50.7789
Hurn,-1.83483,50.7789
Hurn,-1.83483,50.7789
Hurn,-1.83483,50.7789
Hurn,-1.83483,50.7789
Hurn,-1.83483,50.7789
Hurn,-1.83483,50.7789
Hurn,-1.83483,50.7789
Hurn,-1.83483,50.7789
Hurn,-1.83483,50.7789
Hurn,-1.83483,50.7789
Hurn,-1.83483,50.7789
Hurn,-1.83483,50.7789
Hurn,-1.83483,50.7789
Hurn,-1.83483,50.7789
Hurn,-1.83483,50.7789
Hurn,-1.83483,50.7789
Hurn,-1.83483,50.7789
Hurn,-1.83483,50.7789
Hurn,-1.83483,50.7789
Hurn,-1.83483,50.7789
Hurn,-1.83483,50.7789
Hurn,-1.83483,50.7789
Hurn,-1.83483,50.7789
Hurn,-1.83483,50.7789
Hurn,-1.83483,50.7789
Hurn,-1.83483,50.7789
Hurn,-1.83483,50.7789
Hurn,-1.83483,50.7789
Hurn,-1.83483,50.7789
Hurn,-1.83483,50.7789
Hurn,-1.83483,50.7789
Hurn,-1.83483,50.7789
Hurn,-1.83483,50.7789
Hurn,-1.83483,50.7789
Hurn,-1.83483,50.7789
Hurn,-1.83483,50.7789
Hurn,-1.83483,50.7789
Hurn,-1.83483,50.7789
Hurn,-1.83483,50.7789
Hurn,-1.83483,50.7789
Hurn,-1.83483,50.7789
Hurn,-1.83483,50.7789
Hurn,-1.83483,50.7789
Hurn,-1.83483,50.7789
Hurn,-1.83483,50.7789
Hurn,-1.83483,50.7789
Hurn,-1.83483,50.7789
Hurn,-1.83483,50.7789
Hurn,-1.83483,50.7789
Hurn,-1.83483,50.7789
Hurn,-1.83483,50.7789
Hurn,-1.83483,50.7789
Hurn,-1.83483,50.7789
Hurn,-1.83483,50.7789
Hurn,-1.83483,50.7789
Hurn,-1.83483,50.7789
Hurn,-1.83483,50.7789
Hurn,-1.83483,50.7789
Hurn,-1.83483,50.7789
Hurn,-1.83483,50.7789
Hurn,-1.83483,50.7789
Hurn,-1.83483,50.7789
Hurn,-1.83483,50.7789
Hurn,-1.83483,50.7789
Hurn,-1.83483,50.7789
Hurn,-1.83483,50.7789
Hurn,-1.83483,50.7789
Hurn,-1.83483,50.7789
Hurn,-1.83483,50.7789
Hurn,-1.83483,50.7789
Hurn,-1.83483,50.7789
Hurn,-1.83483,50.7789
Hurn,-1.83483,50.7789
Hurn,-1.83483,50.7789
Hurn,-1.83483,50.7789
Hurn,-1.83483,50.7789
Hurn,-1.83483,50.7789
Hurn,-1.83483,50.7789
Hurn,-1.83483,50.7789
Hurn,-1.83483,50.7789
Hurn,-1.83483,50.7789
Hurn,-1.83483,50.7789
Hurn,-1.83483,50.7789
Hurn,-1.83483,50.7789
Hurn,-1.83483,50.7789
Hurn,-1.83483,50.7789
Hurn,-1.83483,50.7789
Hurn,-1.83483,50.7789
Hurn,-1.83483,50.7789
Hurn,-1.83483,50.7789
Hurn,-1.83483,50.7789
Hurn,-1.83483,50.7789
Hurn,-1.83483,50.7789
Hurn,-1.83483,50.7789
Hurn,-1.83483,50.7789
Hurn,-1.83483,50.7789
Hurn,-1.83483,50.7789
Hurn,-1.83483,50.7789
Hurn,-1.83483,50.7789
Hurn,-1.83483,50.7789
Hurn,-1.83483,50.7789
Hurn,-1.83483,50.7789
Hurn,-1.83483,50.7789
Hurn,-1.83483,50.7789
Hurn,-1.83483,50.7789
Hurn,-1.83483,50.7789
Hurn,-1.83483,50.7789
Hurn,-1.83483,50.7789
Hurn,-1.83483,50.7789
Hurn,-1.83483,50.7789
Hurn,-1.83483,50.7789
Hurn,-1.83483,50.7789
Hurn,-1.83483,50.7789
Hurn,-1.83483,50.7789
Hurn,-1.83483,50.7789
Hurn,-1.83483,50.7789
Hurn,-1.83483,50.7789
Hurn,-1.83483,50.7789
Hurn,-1.83483,50.7789
Hurn,-1.83483,50.7789
Hurn,-1.83483,50.7789
Hurn,-1.83483,50.7789
Hurn,-1.83483,50.7789
Hurn,-1.83483,50.7789
Hurn,-1.83483,50.7789
Hurn,-1.83483,50.7789
Hurn,-1.83483,50.7789
Hurn,-1.83483,50.7789
Hurn,-1.83483,50.7789
Hurn,-1.83483,50.7789
Hurn,-1.83483,50.7789
Hurn,-1.83483,50.7789
Hurn,-1.83483,50.7789
Hurn,-1.83483,50.7789
Hurn,-1.83483,50.7789
Hurn,-1.83483,50.7789
Hurn,-1.83483,50.7789
Hurn,-1.83483,50.7789
Hurn,-1.83483,50.7789
Hurn,-1.83483,50.7789
Hurn,-1.83483,50.7789
Hurn,-1.83483,50.7789
Hurn,-1.83483,50.7789
Hurn,-1.83483,50.7789
Hurn,-1.83483,50.7789
Hurn,-1.83483,50.7789
Hurn,-1.83483,50.7789
Hurn,-1.83483,50.7789
Hurn,-1.83483,50.7789
Hurn,-1.83483,50.7789
Hurn,-1.83483,50.7789
Hurn,-1.83483,50.7789
Hurn,-1.83483,50.7789
Hurn,-1.83483,50.7789
Hurn,-1.83483,50.7789
Hurn,-1.83483,50.7789
Hurn,-1.83483,50.7789
Hurn,-1.83483,50.7789
Hurn,-1.83483,50.7789
Hurn,-1.83483,50.7789
Hurn,-1.83483,50.7789
Hurn,-1.83483,50.7789
Hurn,-1.83483,50.7789
Hurn,-1.83483,50.7789
Hurn,-1.83483,50.7789
Hurn,-1.83483,50.7789
Hurn,-1.83483,50.7789
Hurn,-1.83483,50.7789
Hurn,-1.83483,50.7789
Hurn,-1.83483,50.7789
Hurn,-1.83483,50.7789
Hurn,-1.83483,50.7789
Lerwick,-1.18299,60.13946
Lerwick,-1.18299,60.13946
Lerwick,-1.18299,60.13946
Lerwick,-1.18299,60.13946
Lerwick,-1.18299,60.13946
Lerwick,-1.18299,60.13946
Lerwick,-1.18299,60.13946
Lerwick,-1.18299,60.13946
Lerwick,-1.18299,60.13946
Lerwick,-1.18299,60.13946
Lerwick,-1.18299,60.13946
Lerwick,-1.18299,60.13946
Lerwick,-1.18299,60.13946
Lerwick,-1.18299,60.13946
Lerwick,-1.18299,60.13946
Lerwick,-1.18299,60.13946
Lerwick,-1.18299,60.13946
Lerwick,-1.18299,60.13946
Lerwick,-1.18299,60.13946
Lerwick,-1.18299,60.13946
Lerwick,-1.18299,60.13946
Lerwick,-1.18299,60.13946
Lerwick,-1.18299,60.13946
Lerwick,-1.18299,60.13946
Lerwick,-1.18299,60.13946
Lerwick,-1.18299,60.13946
Lerwick,-1.18299,60.13946
Lerwick,-1.18299,60.13946
Lerwick,-1.18299,60.13946
Lerwick,-1.18299,60.13946
Lerwick,-1.18299,60.13946
Lerwick,-1.18299,60.13946
Lerwick,-1.18299,60.13946
Lerwick,-1.18299,60.13946
Lerwick,-1.18299,60.13946
Lerwick,-1.18299,60.13946
Lerwick,-1.18299,60.13946
Lerwick,-1.18299,60.13946
Lerwick,-1.18299,60.13946
Lerwick,-1.18299,60.13946
Lerwick,-1.18299,60.13946
Lerwick,-1.18299,60.13946
Lerwick,-1.18299,60.13946
Lerwick,-1.18299,60.13946
Lerwick,-1.18299,60.13946
Lerwick,-1.18299,60.13946
Lerwick,-1.18299,60.13946
Lerwick,-1.18299,60.13946
Lerwick,-1.18299,60.13946
Lerwick,-1.18299,60.13946
Lerwick,-1.18299,60.13946
Lerwick,-1.18299,60.13946
Lerwick,-1.18299,60.13946
Lerwick,-1.18299,60.13946
Lerwick,-1.18299,60.13946
Lerwick,-1.18299,60.13946
Lerwick,-1.18299,60.13946
Lerwick,-1.18299,60.13946
Lerwick,-1.18299,60.13946
Lerwick,-1.18299,60.13946
Lerwick,-1.18299,60.13946
Lerwick,-1.18299,60.13946
Lerwick,-1.18299,60.13946
Lerwick,-1.18299,60.13946
Lerwick,-1.18299,60.13946
Lerwick,-1.18299,60.13946
Lerwick,-1.18299,60.13946
Lerwick,-1.18299,60.13946
Lerwick,-1.18299,60.13946
Lerwick,-1.18299,60.13946
Lerwick,-1.18299,60.13946
Lerwick,-1.18299,60.13946
Lerwick,-1.18299,60.13946
Lerwick,-1.18299,60.13946
Lerwick,-1.18299,60.13946
Lerwick,-1.18299,60.13946
Lerwick,-1.18299,60.13946
Lerwick,-1.18299,60.13946
Lerwick,-1.18299,60.13946
Lerwick,-1.18299,60.13946
Lerwick,-1.18299,60.13946
Lerwick,-1.18299,60.13946
Lerwick,-1.18299,60.13946
Lerwick,-1.18299,60.13946
Lerwick,-1.18299,60.13946
Lerwick,-1.18299,60.13946
Lerwick,-1.18299,60.13946
Lerwick,-1.18299,60.13946
Lerwick,-1.18299,60.13946
Lerwick,-1.18299,60.13946
Lerwick,-1.18299,60.13946
Lerwick,-1.18299,60.13946
Lerwick,-1.18299,60.13946
Lerwick,-1.18299,60.13946
Lerwick,-1.18299,60.13946
Lerwick,-1.18299,60.13946
Lerwick,-1.18299,60.13946
Lerwick,-1.18299,60.13946
Lerwick,-1.18299,60.13946
Lerwick,-1.18299,60.13946
Lerwick,-1.18299,60.13946
Lerwick,-1.18299,60.13946
Lerwick,-1.18299,60.13946
Lerwick,-1.18299,60.13946
Lerwick,-1.18299,60.13946
Lerwick,-1.18299,60.13946
Lerwick,-1.18299,60.13946
Lerwick,-1.18299,60.13946
Lerwick,-1.18299,60.13946
Lerwick,-1.18299,60.13946
Lerwick,-1.18299,60.13946
Lerwick,-1.18299,60.13946
Lerwick,-1.18299,60.13946
Lerwick,-1.18299,60.13946
Lerwick,-1.18299,60.13946
Lerwick,-1.18299,60.13946
Lerwick,-1.18299,60.13946
Lerwick,-1.18299,60.13946
Lerwick,-1.18299,60.13946
Lerwick,-1.18299,60.13946
Lerwick,-1.18299,60.13946
Lerwick,-1.18299,60.13946
Lerwick,-1.18299,60.13946
Lerwick,-1.18299,60.13946
Lerwick,-1.18299,60.13946
Lerwick,-1.18299,60.13946
Lerwick,-1.18299,60.13946
Lerwick,-1.18299,60.13946
Lerwick,-1.18299,60.13946
Lerwick,-1.18299,60.13946
Lerwick,-1.18299,60.13946
Lerwick,-1.18299,60.13946
Lerwick,-1.18299,60.13946
Lerwick,-1.18299,60.13946
Lerwick,-1.18299,60.13946
Lerwick,-1.18299,60.13946
Lerwick,-1.18299,60.13946
Lerwick,-1.18299,60.13946
Lerwick,-1.18299,60.13946
Lerwick,-1.18299,60.13946
Lerwick,-1.18299,60.13946
Lerwick,-1.18299,60.13946
Lerwick,-1.18299,60.13946
Lerwick,-1.18299,60.13946
Lerwick,-1.18299,60.13946
Lerwick,-1.18299,60.13946
Lerwick,-1.18299,60.13946
Lerwick,-1.18299,60.13946
Lerwick,-1.18299,60.13946
Lerwick,-1.18299,60.13946
Lerwick,-1.18299,60.13946
Lerwick,-1.18299,60.13946
Lerwick,-1.18299,60.13946
Lerwick,-1.18299,60.13946
Lerwick,-1.18299,60.13946
Lerwick,-1.18299,60.13946
Lerwick,-1.18299,60.13946
Lerwick,-1.18299,60.13946
Lerwick,-1.18299,60.13946
Lerwick,-1.18299,60.13946
Lerwick,-1.18299,60.13946
Lerwick,-1.18299,60.13946
Lerwick,-1.18299,60.13946
Lerwick,-1.18299,60.13946
Lerwick,-1.18299,60.13946
Lerwick,-1.18299,60.13946
Lerwick,-1.18299,60.13946
Lerwick,-1.18299,60.13946
Lerwick,-1.18299,60.13946
Lerwick,-1.18299,60.13946
Lerwick,-1.18299,60.13946
Lerwick,-1.18299,60.13946
Lerwick,-1.18299,60.13946
Lerwick,-1.18299,60.13946
Lerwick,-1.18299,60.13946
Lerwick,-1.18299,60.13946
Lerwick,-1.18299,60.13946
Lerwick,-1.18299,60.13946
Lerwick,-1.18299,60.13946
Lerwick,-1.18299,60.13946
Leuchars,-2.86051,56.37745
Leuchars,-2.86051,56.37745
Leuchars,-2.86051,56.37745
Leuchars,-2.86051,56.37745
Leuchars,-2.86051,56.37745
Leuchars,-2.86051,56.37745
Leuchars,-2.86051,56.37745
Leuchars,-2.86051,56.37745
Leuchars,-2.86051,56.37745
Leuchars,-2.86051,56.37745
Leuchars,-2.86051,56.37745
Leuchars,-2.86051,56.37745
Leuchars,-2.86051,56.37745
Leuchars,-2.86051,56.37745
Leuchars,-2.86051,56.37745
Leuchars,-2.86051,56.37745
Leuchars,-2.86051,56.37745
Leuchars,-2.86051,56.37745
Leuchars,-2.86051,56.37745
Leuchars,-2.86051,56.37745
Leuchars,-2.86051,56.37745
Leuchars,-2.86051,56.37745
Leuchars,-2.86051,56.37745
Leuchars,-2.86051,56.37745
Leuchars,-2.86051,56.37745
Leuchars,-2.86051,56.37745
Leuchars,-2.86051,56.37745
Leuchars,-2.86051,56.37745
Leuchars,-2.86051,56.37745
Leuchars,-2.86051,56.37745
Leuchars,-2.86051,56.37745
Leuchars,-2.86051,56.37745
Leuchars,-2.86051,56.37745
Leuchars,-2.86051,56.37745
Leuchars,-2.86051,56.37745
Leuchars,-2.86051,56.37745
Leuchars,-2.86051,56.37745
Leuchars,-2.86051,56.37745
Leuchars,-2.86051,56.37745
Leuchars,-2.86051,56.37745
Leuchars,-2.86051,56.37745
Leuchars,-2.86051,56.37745
Leuchars,-2.86051,56.37745
Leuchars,-2.86051,56.37745
Leuchars,-2.86051,56.37745
Leuchars,-2.86051,56.37745
Leuchars,-2.86051,56.37745
Leuchars,-2.86051,56.37745
Leuchars,-2.86051,56.37745
Leuchars,-2.86051,56.37745
Leuchars,-2.86051,56.37745
Leuchars,-2.86051,56.37745
Leuchars,-2.86051,56.37745
Leuchars,-2.86051,56.37745
Leuchars,-2.86051,56.37745
Leuchars,-2.86051,56.37745
Leuchars,-2.86051,56.37745
Leuchars,-2.86051,56.37745
Leuchars,-2.86051,56.37745
Leuchars,-2.86051,56.37745
Leuchars,-2.86051,56.37745
Leuchars,-2.86051,56.37745
Leuchars,-2.86051,56.37745
Leuchars,-2.86051,56.37745
Leuchars,-2.86051,56.37745
Leuchars,-2.86051,56.37745
Leuchars,-2.86051,56.37745
Leuchars,-2.86051,56.37745
Leuchars,-2.86051,56.37745
Leuchars,-2.86051,56.37745
Leuchars,-2.86051,56.37745
Leuchars,-2.86051,56.37745
Leuchars,-2.86051,56.37745
Leuchars,-2.86051,56.37745
Leuchars,-2.86051,56.37745
Leuchars,-2.86051,56.37745
Leuchars,-2.86051,56.37745
Leuchars,-2.86051,56.37745
Leuchars,-2.86051,56.37745
Leuchars,-2.86051,56.37745
Leuchars,-2.86051,56.37745
Leuchars,-2.86051,56.37745
Leuchars,-2.86051,56.37745
Leuchars,-2.86051,56.37745
Leuchars,-2.86051,56.37745
Leuchars,-2.86051,56.37745
Leuchars,-2.86051,56.37745
Leuchars,-2.86051,56.37745
Leuchars,-2.86051,56.37745
Leuchars,-2.86051,56.37745
Leuchars,-2.86051,56.37745
Leuchars,-2.86051,56.37745
Leuchars,-2.86051,56.37745
Leuchars,-2.86051,56.37745
Leuchars,-2.86051,56.37745
Leuchars,-2.86051,56.37745
Leuchars,-2.86051,56.37745
Leuchars,-2.86051,56.37745
Leuchars,-2.86051,56.37745
Leuchars,-2.86051,56.37745
Leuchars,-2.86051,56.37745
Leuchars,-2.86051,56.37745
Leuchars,-2.86051,56.37745
Leuchars,-2.86051,56.37745
Leuchars,-2.86051,56.37745
Leuchars,-2.86051,56.37745
Leuchars,-2.86051,56.37745
Leuchars,-2.86051,56.37745
Leuchars,-2.86051,56.37745
Leuchars,-2.86051,56.37745
Leuchars,-2.86051,56.37745
Leuchars,-2.86051,56.37745
Leuchars,-2.86051,56.37745
Leuchars,-2.86051,56.37745
Leuchars,-2.86051,56.37745
Leuchars,-2.86051,56.37745
Leuchars,-2.86051,56.37745
Leuchars,-2.86051,56.37745
Leuchars,-2.86051,56.37745
Leuchars,-2.86051,56.37745
Leuchars,-2.86051,56.37745
Leuchars,-2.86051,56.37745
Leuchars,-2.86051,56.37745
Leuchars,-2.86051,56.37745
Leuchars,-2.86051,56.37745
Leuchars,-2.86051,56.37745
Leuchars,-2.86051,56.37745
Leuchars,-2.86051,56.37745
Leuchars,-2.86051,56.37745
Leuchars,-2.86051,56.37745
Leuchars,-2.86051,56.37745
Leuchars,-2.86051,56.37745
Leuchars,-2.86051,56.37745
Leuchars,-2.86051,56.37745
Leuchars,-2.86051,56.37745
Leuchars,-2.86051,56.37745
Leuchars,-2.86051,56.37745
Leuchars,-2.86051,56.37745
Leuchars,-2.86051,56.37745
Leuchars,-2.86051,56.37745
Leuchars,-2.86051,56.37745
Leuchars,-2.86051,56.37745
Leuchars,-2.86051,56.37745
Leuchars,-2.86051,56.37745
Leuchars,-2.86051,56.37745
Leuchars,-2.86051,56.37745
Leuchars,-2.86051,56.37745
Leuchars,-2.86051,56.37745
Leuchars,-2.86051,56.37745
Leuchars,-2.86051,56.37745
Leuchars,-2.86051,56.37745
Leuchars,-2.86051,56.37745
Leuchars,-2.86051,56.37745
Leuchars,-2.86051,56.37745
Leuchars,-2.86051,56.37745
Leuchars,-2.86051,56.37745
Leuchars,-2.86051,56.37745
Leuchars,-2.86051,56.37745
Leuchars,-2.86051,56.37745
Leuchars,-2.86051,56.37745
Leuchars,-2.86051,56.37745
Leuchars,-2.86051,56.37745
Leuchars,-2.86051,56.37745
Leuchars,-2.86051,56.37745
Leuchars,-2.86051,56.37745
Leuchars,-2.86051,56.37745
Leuchars,-2.86051,56.37745
Leuchars,-2.86051,56.37745
Leuchars,-2.86051,56.37745
Leuchars,-2.86051,56.37745
Leuchars,-2.86051,56.37745
Leuchars,-2.86051,56.37745
Leuchars,-2.86051,56.37745
Leuchars,-2.86051,56.37745
Leuchars,-2.86051,56.37745
Leuchars,-2.86051,56.37745
Leuchars,-2.86051,56.37745
Leuchars,-2.86051,56.37745
Leuchars,-2.86051,56.37745
Leuchars,-2.86051,56.37745
Oxford,-1.2625,51.76073
Oxford,-1.2625,51.76073
Oxford,-1.2625,51.76073
Oxford,-1.2625,51.76073
Oxford,-1.2625,51.76073
Oxford,-1.2625,51.76073
Oxford,-1.2625,51.76073
Oxford,-1.2625,51.76073
Oxford,-1.2625,51.76073
Oxford,-1.2625,51.76073
Oxford,-1.2625,51.76073
Oxford,-1.2625,51.76073
Oxford,-1.2625,51.76073
Oxford,-1.2625,51.76073
Oxford,-1.2625,51.76073
Oxford,-1.2625,51.76073
Oxford,-1.2625,51.76073
Oxford,-1.2625,51.76073
Oxford,-1.2625,51.76073
Oxford,-1.2625,51.76073
Oxford,-1.2625,51.76073
Oxford,-1.2625,51.76073
Oxford,-1.2625,51.76073
Oxford,-1.2625,51.76073
Oxford,-1.2625,51.76073
Oxford,-1.2625,51.76073
Oxford,-1.2625,51.76073
Oxford,-1.2625,51.76073
Oxford,-1.2625,51.76073
Oxford,-1.2625,51.76073
Oxford,-1.2625,51.76073
Oxford,-1.2625,51.76073
Oxford,-1.2625,51.76073
Oxford,-1.2625,51.76073
Oxford,-1.2625,51.76073
Oxford,-1.2625,51.76073
Oxford,-1.2625,51.76073
Oxford,-1.2625,51.76073
Oxford,-1.2625,51.76073
Oxford,-1.2625,51.76073
Oxford,-1.2625,51.76073
Oxford,-1.2625,51.76073
Oxford,-1.2625,51.76073
Oxford,-1.2625,51.76073
Oxford,-1.2625,51.76073
Oxford,-1.2625,51.76073
Oxford,-1.2625,51.76073
Oxford,-1.2625,51.76073
Oxford,-1.2625,51.76073
Oxford,-1.2625,51.76073
Oxford,-1.2625,51.76073
Oxford,-1.2625,51.76073
Oxford,-1.2625,51.76073
Oxford,-1.2625,51.76073
Oxford,-1.2625,51.76073
Oxford,-1.2625,51.76073
Oxford,-1.2625,51.76073
Oxford,-1.2625,51.76073
Oxford,-1.2625,51.76073
Oxford,-1.2625,51.76073
Oxford,-1.2625,51.76073
Oxford,-1.2625,51.76073
Oxford,-1.2625,51.76073
Oxford,-1.2625,51.76073
Oxford,-1.2625,51.76073
Oxford,-1.2625,51.76073
Oxford,-1.2625,51.76073
Oxford,-1.2625,51.76073
Oxford,-1.2625,51.76073
Oxford,-1.2625,51.76073
Oxford,-1.2625,51.76073
Oxford,-1.2625,51.76073
Oxford,-1.2625,51.76073
Oxford,-1.2625,51.76073
Oxford,-1.2625,51.76073
Oxford,-1.2625,51.76073
Oxford,-1.2625,51.76073
Oxford,-1.2625,51.76073
Oxford,-1.2625,51.76073
Oxford,-1.2625,51.76073
Oxford,-1.2625,51.76073
Oxford,-1.2625,51.76073
Oxford,-1.2625,51.76073
Oxford,-1.2625,51.76073
Oxford,-1.2625,51.76073
Oxford,-1.2625,51.76073
Oxford,-1.2625,51.76073
Oxford,-1.2625,51.76073
Oxford,-1.2625,51.76073
Oxford,-1.2625,51.76073
Oxford,-1.2625,51.76073
Oxford,-1.2625,51.76073
Oxford,-1.2625,51.76073
Oxford,-1.2625,51.76073
Oxford,-1.2625,51.76073
Oxford,-1.2625,51.76073
Oxford,-1.2625,51.76073
Oxford,-1.2625,51.76073
Oxford,-1.2625,51.76073
Oxford,-1.2625,51.76073
Oxford,-1.2625,51.76073
Oxford,-1.2625,51.76073
Oxford,-1.2625,51.76073
Oxford,-1.2625,51.76073
Oxford,-1.2625,51.76073
Oxford,-1.2625,51.76073
Oxford,-1.2625,51.76073
Oxford,-1.2625,51.76073
Oxford,-1.2625,51.76073
Oxford,-1.2625,51.76073
Oxford,-1.2625,51.76073
Oxford,-1.2625,51.76073
Oxford,-1.2625,51.76073
Oxford,-1.2625,51.76073
Oxford,-1.2625,51.76073
Oxford,-1.2625,51.76073
Oxford,-1.2625,51.76073
Oxford,-1.2625,51.76073
Oxford,-1.2625,51.76073
Oxford,-1.2625,51.76073
Oxford,-1.2625,51.76073
Oxford,-1.2625,51.76073
Oxford,-1.2625,51.76073
Oxford,-1.2625,51.76073
Oxford,-1.2625,51.76073
Oxford,-1.2625,51.76073
Oxford,-1.2625,51.76073
Oxford,-1.2625,51.76073
Oxford,-1.2625,51.76073
Oxford,-1.2625,51.76073
Oxford,-1.2625,51.76073
Oxford,-1.2625,51.76073
Oxford,-1.2625,51.76073
Oxford,-1.2625,51.76073
Oxford,-1.2625,51.76073
Oxford,-1.2625,51.76073
Oxford,-1.2625,51.76073
Oxford,-1.2625,51.76073
Oxford,-1.2625,51.76073
Oxford,-1.2625,51.76073
Oxford,-1.2625,51.76073
Oxford,-1.2625,51.76073
Oxford,-1.2625,51.76073
Oxford,-1.2625,51.76073
Oxford,-1.2625,51.76073
Oxford,-1.2625,51.76073
Oxford,-1.2625,51.76073
Oxford,-1.2625,51.76073
Oxford,-1.2625,51.76073
Oxford,-1.2625,51.76073
Oxford,-1.2625,51.76073
Oxford,-1.2625,51.76073
Oxford,-1.2625,51.76073
Oxford,-1.2625,51.76073
Oxford,-1.2625,51.76073
Oxford,-1.2625,51.76073
Oxford,-1.2625,51.76073
Oxford,-1.2625,51.76073
Oxford,-1.2625,51.76073
Oxford,-1.2625,51.76073
Oxford,-1.2625,51.76073
Oxford,-1.2625,51.76073
Oxford,-1.2625,51.76073
Oxford,-1.2625,51.76073
Oxford,-1.2625,51.76073
Oxford,-1.2625,51.76073
Oxford,-1.2625,51.76073
Oxford,-1.2625,51.76073
Oxford,-1.2625,51.76073
Oxford,-1.2625,51.76073
Oxford,-1.2625,51.76073
Oxford,-1.2625,51.76073
Oxford,-1.2625,51.76073
Oxford,-1.2625,51.76073
Oxford,-1.2625,51.76073
Oxford,-1.2625,51.76073
Oxford,-1.2625,51.76073
Oxford,-1.2625,51.76073
Oxford,-1.2625,51.76073
Oxford,-1.2625,51.76073
Paisley,-4.42966,55.8455
Paisley,-4.42966,55.8455
Paisley,-4.42966,55.8455
Paisley,-4.42966,55.8455
Paisley,-4.42966,55.8455
Paisley,-4.42966,55.8455
Paisley,-4.42966,55.8455
Paisley,-4.42966,55.8455
Paisley,-4.42966,55.8455
Paisley,-4.42966,55.8455
Paisley,-4.42966,55.8455
Paisley,-4.42966,55.8455
Paisley,-4.42966,55.8455
Paisley,-4.42966,55.8455
Paisley,-4.42966,55.8455
Paisley,-4.42966,55.8455
Paisley,-4.42966,55.8455
Paisley,-4.42966,55.8455
Paisley,-4.42966,55.8455
Paisley,-4.42966,55.8455
Paisley,-4.42966,55.8455
Paisley,-4.42966,55.8455
Paisley,-4.42966,55.8455
Paisley,-4.42966,55.8455
Paisley,-4.42966,55.8455
Paisley,-4.42966,55.8455
Paisley,-4.42966,55.8455
Paisley,-4.42966,55.8455
Paisley,-4.42966,55.8455
Paisley,-4.42966,55.8455
Paisley,-4.42966,55.8455
Paisley,-4.42966,55.8455
Paisley,-4.42966,55.8455
Paisley,-4.42966,55.8455
Paisley,-4.42966,55.8455
Paisley,-4.42966,55.8455
Paisley,-4.42966,55.8455
Paisley,-4.42966,55.8455
Paisley,-4.42966,55.8455
Paisley,-4.42966,55.8455
Paisley,-4.42966,55.8455
Paisley,-4.42966,55.8455
Paisley,-4.42966,55.8455
Paisley,-4.42966,55.8455
Paisley,-4.42966,55.8455
Paisley,-4.42966,55.8455
Paisley,-4.42966,55.8455
Paisley,-4.42966,55.8455
Paisley,-4.42966,55.8455
Paisley,-4.42966,55.8455
Paisley,-4.42966,55.8455
Paisley,-4.42966,55.8455
Paisley,-4.42966,55.8455
Paisley,-4.42966,55.8455
Paisley,-4.42966,55.8455
Paisley,-4.42966,55.8455
Paisley,-4.42966,55.8455
Paisley,-4.42966,55.8455
Paisley,-4.42966,55.8455
Paisley,-4.42966,55.8455
Paisley,-4.42966,55.8455
Paisley,-4.42966,55.8455
Paisley,-4.42966,55.8455
Paisley,-4.42966,55.8455
Paisley,-4.42966,55.8455
Paisley,-4.42966,55.8455
Paisley,-4.42966,55.8455
Paisley,-4.42966,55.8455
Paisley,-4.42966,55.8455
Paisley,-4.42966,55.8455
Paisley,-4.42966,55.8455
Paisley,-4.42966,55.8455
Paisley,-4.42966,55.8455
Paisley,-4.42966,55.8455
Paisley,-4.42966,55.8455
Paisley,-4.42966,55.8455
Paisley,-4.42966,55.8455
Paisley,-4.42966,55.8455
Paisley,-4.42966,55.8455
Paisley,-4.42966,55.8455
Paisley,-4.42966,55.8455
Paisley,-4.42966,55.8455
Paisley,-4.42966,55.8455
Paisley,-4.42966,55.8455
Paisley,-4.42966,55.8455
Paisley,-4.42966,55.8455
Paisley,-4.42966,55.8455
Paisley,-4.42966,55.8455
Paisley,-4.42966,55.8455
Paisley,-4.42966,55.8455
Paisley,-4.42966,55.8455
Paisley,-4.42966,55.8455
Paisley,-4.42966,55.8455
Paisley,-4.42966,55.8455
Paisley,-4.42966,55.8455
Paisley,-4.42966,55.8455
Paisley,-4.42966,55.8455
Paisley,-4.42966,55.8455
Paisley,-4.42966,55.8455
Paisley,-4.42966,55.8455
Paisley,-4.42966,55.8455
Paisley,-4.42966,55.8455
Paisley,-4.42966,55.8455
Paisley,-4.42966,55.8455
Paisley,-4.42966,55.8455
Paisley,-4.42966,55.8455
Paisley,-4.42966,55.8455
Paisley,-4.42966,55.8455
Paisley,-4.42966,55.8455
Paisley,-4.42966,55.8455
Paisley,-4.42966,55.8455
Paisley,-4.42966,55.8455
Paisley,-4.42966,55.8455
Paisley,-4.42966,55.8455
Paisley,-4.42966,55.8455
Paisley,-4.42966,55.8455
Paisley,-4.42966,55.8455
Paisley,-4.42966,55.8455
Paisley,-4.42966,55.8455
Paisley,-4.42966,55.8455
Paisley,-4.42966,55.8455
Paisley,-4.42966,55.8455
Paisley,-4.42966,55.8455
Paisley,-4.42966,55.8455
Paisley,-4.42966,55.8455
Paisley,-4.42966,55.8455
Paisley,-4.42966,55.8455
Paisley,-4.42966,55.8455
Paisley,-4.42966,55.8455
Paisley,-4.42966,55.8455
Paisley,-4.42966,55.8455
Paisley,-4.42966,55.8455
Paisley,-4.42966,55.8455
Paisley,-4.42966,55.8455
Paisley,-4.42966,55.8455
Paisley,-4.42966,55.8455
Paisley,-4.42966,55.8455
Paisley,-4.42966,55.8455
Paisley,-4.42966,55.8455
Paisley,-4.42966,55.8455
Paisley,-4.42966,55.8455
Paisley,-4.42966,55.8455
Paisley,-4.42966,55.8455
Paisley,-4.42966,55.8455
Paisley,-4.42966,55.8455
Paisley,-4.42966,55.8455
Paisley,-4.42966,55.8455
Paisley,-4.42966,55.8455
Paisley,-4.42966,55.8455
Paisley,-4.42966,55.8455
Paisley,-4.42966,55.8455
Paisley,-4.42966,55.8455
Paisley,-4.42966,55.8455
Paisley,-4.42966,55.8455
Paisley,-4.42966,55.8455
Paisley,-4.42966,55.8455
Paisley,-4.42966,55.8455
Paisley,-4.42966,55.8455
Paisley,-4.42966,55.8455
Paisley,-4.42966,55.8455
Paisley,-4.42966,55.8455
Paisley,-4.42966,55.8455
Paisley,-4.42966,55.8455
Paisley,-4.42966,55.8455
Paisley,-4.42966,55.8455
Paisley,-4.42966,55.8455
Paisley,-4.42966,55.8455
Paisley,-4.42966,55.8455
Paisley,-4.42966,55.8455
Paisley,-4.42966,55.8455
Paisley,-4.42966,55.8455
Paisley,-4.42966,55.8455
Paisley,-4.42966,55.8455
Paisley,-4.42966,55.8455
Paisley,-4.42966,55.8455
Paisley,-4.42966,55.8455
Paisley,-4.42966,55.8455
Paisley,-4.42966,55.8455
Paisley,-4.42966,55.8455
Paisley,-4.42966,55.8455
Ross-on-Wye,-2.58441,51.91075
Ross-on-Wye,-2.58441,51.91075
Ross-on-Wye,-2.58441,51.91075
Ross-on-Wye,-2.58441,51.91075
Ross-on-Wye,-2.58441,51.91075
Ross-on-Wye,-2.58441,51.91075
Ross-on-Wye,-2.58441,51.91075
Ross-on-Wye,-2.58441,51.91075
Ross-on-Wye,-2.58441,51.91075
Ross-on-Wye,-2.58441,51.91075
Ross-on-Wye,-2.58441,51.91075
Ross-on-Wye,-2.58441,51.91075
Ross-on-Wye,-2.58441,51.91075
Ross-on-Wye,-2.58441,51.91075
Ross-on-Wye,-2.58441,51.91075
Ross-on-Wye,-2.58441,51.91075
Ross-on-Wye,-2.58441,51.91075
Ross-on-Wye,-2.58441,51.91075
Ross-on-Wye,-2.58441,51.91075
Ross-on-Wye,-2.58441,51.91075
Ross-on-Wye,-2.58441,51.91075
Ross-on-Wye,-2.58441,51.91075
Ross-on-Wye,-2.58441,51.91075
Ross-on-Wye,-2.58441,51.91075
Ross-on-Wye,-2.58441,51.91075
Ross-on-Wye,-2.58441,51.91075
Ross-on-Wye,-2.58441,51.91075
Ross-on-Wye,-2.58441,51.91075
Ross-on-Wye,-2.58441,51.91075
Ross-on-Wye,-2.58441,51.91075
Ross-on-Wye,-2.58441,51.91075
Ross-on-Wye,-2.58441,51.91075
Ross-on-Wye,-2.58441,51.91075
Ross-on-Wye,-2.58441,51.91075
Ross-on-Wye,-2.58441,51.91075
Ross-on-Wye,-2.58441,51.91075
Ross-on-Wye,-2.58441,51.91075
Ross-on-Wye,-2.58441,51.91075
Ross-on-Wye,-2.58441,51.91075
Ross-on-Wye,-2.58441,51.91075
Ross-on-Wye,-2.58441,51.91075
Ross-on-Wye,-2.58441,51.91075
Ross-on-Wye,-2.58441,51.91075
Ross-on-Wye,-2.58441,51.91075
Ross-on-Wye,-2.58441,51.91075
Ross-on-Wye,-2.58441,51.91075
Ross-on-Wye,-2.58441,51.91075
Ross-on-Wye,-2.58441,51.91075
Ross-on-Wye,-2.58441,51.91075
Ross-on-Wye,-2.58441,51.91075
Ross-on-Wye,-2.58441,51.91075
Ross-on-Wye,-2.58441,51.91075
Ross-on-Wye,-2.58441,51.91075
Ross-on-Wye,-2.58441,51.91075
Ross-on-Wye,-2.58441,51.91075
Ross-on-Wye,-2.58441,51.91075
Ross-on-Wye,-2.58441,51.91075
Ross-on-Wye,-2.58441,51.91075
Ross-on-Wye,-2.58441,51.91075
Ross-on-Wye,-2.58441,51.91075
Ross-on-Wye,-2.58441,51.91075
Ross-on-Wye,-2.58441,51.91075
Ross-on-Wye,-2.58441,51.91075
Ross-on-Wye,-2.58441,51.91075
Ross-on-Wye,-2.58441,51.91075
Ross-on-Wye,-2.58441,51.91075
Ross-on-Wye,-2.58441,51.91075
Ross-on-Wye,-2.58441,51.91075
Ross-on-Wye,-2.58441,51.91075
Ross-on-Wye,-2.58441,51.91075
Ross-on-Wye,-2.58441,51.91075
Ross-on-Wye,-2.58441,51.91075
Ross-on-Wye,-2.58441,51.91075
Ross-on-Wye,-2.58441,51.91075
Ross-on-Wye,-2.58441,51.91075
Ross-on-Wye,-2.58441,51.91075
Ross-on-Wye,-2.58441,51.91075
Ross-on-Wye,-2.58441,51.91075
Ross-on-Wye,-2.58441,51.91075
Ross-on-Wye,-2.58441,51.91075
Ross-on-Wye,-2.58441,51.91075
Ross-on-Wye,-2.58441,51.91075
Ross-on-Wye,-2.58441,51.91075
Ross-on-Wye,-2.58441,51.91075
Ross-on-Wye,-2.58441,51.91075
Ross-on-Wye,-2.58441,51.91075
Ross-on-Wye,-2.58441,51.91075
Ross-on-Wye,-2.58441,51.91075
Ross-on-Wye,-2.58441,51.91075
Ross-on-Wye,-2.58441,51.91075
Ross-on-Wye,-2.58441,51.91075
Ross-on-Wye,-2.58441,51.91075
Ross-on-Wye,-2.58441,51.91075
Ross-on-Wye,-2.58441,51.91075
Ross-on-Wye,-2.58441,51.91075
Ross-on-Wye,-2.58441,51.91075
Ross-on-Wye,-2.58441,51.91075
Ross-on-Wye,-2.58441,51.91075
Ross-on-Wye,-2.58441,51.91075
Ross-on-Wye,-2.58441,51.91075
Ross-on-Wye,-2.58441,51.91075
Ross-on-Wye,-2.58441,51.91075
Ross-on-Wye,-2.58441,51.91075
Ross-on-Wye,-2.58441,51.91075
Ross-on-Wye,-2.58441,51.91075
Ross-on-Wye,-2.58441,51.91075
Ross-on-Wye,-2.58441,51.91075
Ross-on-Wye,-2.58441,51.91075
Ross-on-Wye,-2.58441,51.91075
Ross-on-Wye,-2.58441,51.91075
Ross-on-Wye,-2.58441,51.91075
Ross-on-Wye,-2.58441,51.91075
Ross-on-Wye,-2.58441,51.91075
Ross-on-Wye,-2.58441,51.91075
Ross-on-Wye,-2.58441,51.91075
Ross-on-Wye,-2.58441,51.91075
Ross-on-Wye,-2.58441,51.91075
Ross-on-Wye,-2.58441,51.91075
Ross-on-Wye,-2.58441,51.91075
Ross-on-Wye,-2.58441,51.91075
Ross-on-Wye,-2.58441,51.91075
Ross-on-Wye,-2.58441,51.91075
Ross-on-Wye,-2.58441,51.91075
Ross-on-Wye,-2.58441,51.91075
Ross-on-Wye,-2.58441,51.91075
Ross-on-Wye,-2.58441,51.91075
Ross-on-Wye,-2.58441,51.91075
Ross-on-Wye,-2.58441,51.91075
Ross-on-Wye,-2.58441,51.91075
Ross-on-Wye,-2.58441,51.91075
Ross-on-Wye,-2.58441,51.91075
Ross-on-Wye,-2.58441,51.91075
Ross-on-Wye,-2.58441,51.91075
Ross-on-Wye,-2.58441,51.91075
Ross-on-Wye,-2.58441,51.91075
Ross-on-Wye,-2.58441,51.91075
Ross-on-Wye,-2.58441,51.91075
Ross-on-Wye,-2.58441,51.91075
Ross-on-Wye,-2.58441,51.91075
Ross-on-Wye,-2.58441,51.91075
Ross-on-Wye,-2.58441,51.91075
Ross-on-Wye,-2.58441,51.91075
Ross-on-Wye,-2.58441,51.91075
Ross-on-Wye,-2.58441,51.91075
Ross-on-Wye,-2.58441,51.91075
Ross-on-Wye,-2.58441,51.91075
Ross-on-Wye,-2.58441,51.91075
Ross-on-Wye,-2.58441,51.91075
Ross-on-Wye,-2.58441,51.91075
Ross-on-Wye,-2.58441,51.91075
Ross-on-Wye,-2.58441,51.91075
Ross-on-Wye,-2.58441,51.91075
Ross-on-Wye,-2.58441,51.91075
Ross-on-Wye,-2.58441,51.91075
Ross-on-Wye,-2.58441,51.91075
Ross-on-Wye,-2.58441,51.91075
Ross-on-Wye,-2.58441,51.91075
Ross-on-Wye,-2.58441,51.91075
Ross-on-Wye,-2.58441,51.91075
Ross-on-Wye,-2.58441,51.91075
Ross-on-Wye,-2.58441,51.91075
Ross-on-Wye,-2.58441,51.91075
Ross-on-Wye,-2.58441,51.91075
Ross-on-Wye,-2.58441,51.91075
Ross-on-Wye,-2.58441,51.91075
Ross-on-Wye,-2.58441,51.91075
Ross-on-Wye,-2.58441,51.91075
Ross-on-Wye,-2.58441,51.91075
Ross-on-Wye,-2.58441,51.91075
Ross-on-Wye,-2.58441,51.91075
Ross-on-Wye,-2.58441,51.91075
Ross-on-Wye,-2.58441,51.91075
Ross-on-Wye,-2.58441,51.91075
Ross-on-Wye,-2.58441,51.91075
Ross-on-Wye,-2.58441,51.91075
Ross-on-Wye,-2.58441,51.91075
Ross-on-Wye,-2.58441,51.91075
Ross-on-Wye,-2.58441,51.91075
Ross-on-Wye,-2.58441,51.91075
Ross-on-Wye,-2.58441,51.91075
Shawbury,-2.66329,52.79433
Shawbury,-2.66329,52.79433
Shawbury,-2.66329,52.79433
Shawbury,-2.66329,52.79433
Shawbury,-2.66329,52.79433
Shawbury,-2.66329,52.79433
Shawbury,-2.66329,52.79433
Shawbury,-2.66329,52.79433
Shawbury,-2.66329,52.79433
Shawbury,-2.66329,52.79433
Shawbury,-2.66329,52.79433
Shawbury,-2.66329,52.79433
Shawbury,-2.66329,52.79433
Shawbury,-2.66329,52.79433
Shawbury,-2.66329,52.79433
Shawbury,-2.66329,52.79433
Shawbury,-2.66329,52.79433
Shawbury,-2.66329,52.79433
Shawbury,-2.66329,52.79433
Shawbury,-2.66329,52.79433
Shawbury,-2.66329,52.79433
Shawbury,-2.66329,52.79433
Shawbury,-2.66329,52.79433
Shawbury,-2.66329,52.79433
Shawbury,-2.66329,52.79433
Shawbury,-2.66329,52.79433
Shawbury,-2.66329,52.79433
Shawbury,-2.66329,52.79433
Shawbury,-2.66329,52.79433
Shawbury,-2.66329,52.79433
Shawbury,-2.66329,52.79433
Shawbury,-2.66329,52.79433
Shawbury,-2.66329,52.79433
Shawbury,-2.66329,52.79433
Shawbury,-2.66329,52.79433
Shawbury,-2.66329,52.79433
Shawbury,-2.66329,52.79433
Shawbury,-2.66329,52.79433
Shawbury,-2.66329,52.79433
Shawbury,-2.66329,52.79433
Shawbury,-2.66329,52.79433
Shawbury,-2.66329,52.79433
Shawbury,-2.66329,52.79433
Shawbury,-2.66329,52.79433
Shawbury,-2.66329,52.79433
Shawbury,-2.66329,52.79433
Shawbury,-2.66329,52.79433
Shawbury,-2.66329,52.79433
Shawbury,-2.66329,52.79433
Shawbury,-2.66329,52.79433
Shawbury,-2.66329,52.79433
Shawbury,-2.66329,52.79433
Shawbury,-2.66329,52.79433
Shawbury,-2.66329,52.79433
Shawbury,-2.66329,52.79433
Shawbury,-2.66329,52.79433
Shawbury,-2.66329,52.79433
Shawbury,-2.66329,52.79433
Shawbury,-2.66329,52.79433
Shawbury,-2.66329,52.79433
Shawbury,-2.66329,52.79433
Shawbury,-2.66329,52.79433
Shawbury,-2.66329,52.79433
Shawbury,-2.66329,52.79433
Shawbury,-2.66329,52.79433
Shawbury,-2.66329,52.79433
Shawbury,-2.66329,52.79433
Shawbury,-2.66329,52.79433
Shawbury,-2.66329,52.79433
Shawbury,-2.66329,52.79433
Shawbury,-2.66329,52.79433
Shawbury,-2.66329,52.79433
Shawbury,-2.66329,52.79433
Shawbury,-2.66329,52.79433
Shawbury,-2.66329,52.79433
Shawbury,-2.66329,52.79433
Shawbury,-2.66329,52.79433
Shawbury,-2.66329,52.79433
Shawbury,-2.66329,52.79433
Shawbury,-2.66329,52.79433
Shawbury,-2.66329,52.79433
Shawbury,-2.66329,52.79433
Shawbury,-2.66329,52.79433
Shawbury,-2.66329,52.79433
Shawbury,-2.66329,52.79433
Shawbury,-2.66329,52.79433
Shawbury,-2.66329,52.79433
Shawbury,-2.66329,52.79433
Shawbury,-2.66329,52.79433
Shawbury,-2.66329,52.79433
Shawbury,-2.66329,52.79433
Shawbury,-2.66329,52.79433
Shawbury,-2.66329,52.79433
Shawbury,-2.66329,52.79433
Shawbury,-2.66329,52.79433
Shawbury,-2.66329,52.79433
Shawbury,-2.66329,52.79433
Shawbury,-2.66329,52.79433
Shawbury,-2.66329,52.79433
Shawbury,-2.66329,52.79433
Shawbury,-2.66329,52.79433
Shawbury,-2.66329,52.79433
Shawbury,-2.66329,52.79433
Shawbury,-2.66329,52.79433
Shawbury,-2.66329,52.79433
Shawbury,-2.66329,52.79433
Shawbury,-2.66329,52.79433
Shawbury,-2.66329,52.79433
Shawbury,-2.66329,52.79433
Shawbury,-2.66329,52.79433
Shawbury,-2.66329,52.79433
Shawbury,-2.66329,52.79433
Shawbury,-2.66329,52.79433
Shawbury,-2.66329,52.79433
Shawbury,-2.66329,52.79433
Shawbury,-2.66329,52.79433
Shawbury,-2.66329,52.79433
Shawbury,-2.66329,52.79433
Shawbury,-2.66329,52.79433
Shawbury,-2.66329,52.79433
Shawbury,-2.66329,52.79433
Shawbury,-2.66329,52.79433
Shawbury,-2.66329,52.79433
Shawbury,-2.66329,52.79433
Shawbury,-2.66329,52.79433
Shawbury,-2.66329,52.79433
Shawbury,-2.66329,52.79433
Shawbury,-2.66329,52.79433
Shawbury,-2.66329,52.79433
Shawbury,-2.66329,52.79433
Shawbury,-2.66329,52.79433
Shawbury,-2.66329,52.79433
Shawbury,-2.66329,52.79433
Shawbury,-2.66329,52.79433
Shawbury,-2.66329,52.79433
Shawbury,-2.66329,52.79433
Shawbury,-2.66329,52.79433
Shawbury,-2.66329,52.79433
Shawbury,-2.66329,52.79433
Shawbury,-2.66329,52.79433
Shawbury,-2.66329,52.79433
Shawbury,-2.66329,52.79433
Shawbury,-2.66329,52.79433
Shawbury,-2.66329,52.79433
Shawbury,-2.66329,52.79433
Shawbury,-2.66329,52.79433
Shawbury,-2.66329,52.79433
Shawbury,-2.66329,52.79433
Shawbury,-2.66329,52.79433
Shawbury,-2.66329,52.79433
Shawbury,-2.66329,52.79433
Shawbury,-2.66329,52.79433
Shawbury,-2.66329,52.79433
Shawbury,-2.66329,52.79433
Shawbury,-2.66329,52.79433
Shawbury,-2.66329,52.79433
Shawbury,-2.66329,52.79433
Shawbury,-2.66329,52.79433
Shawbury,-2.66329,52.79433
Shawbury,-2.66329,52.79433
Shawbury,-2.66329,52.79433
Shawbury,-2.66329,52.79433
Shawbury,-2.66329,52.79433
Shawbury,-2.66329,52.79433
Shawbury,-2.66329,52.79433
Shawbury,-2.66329,52.79433
Shawbury,-2.66329,52.79433
Shawbury,-2.66329,52.79433
Shawbury,-2.66329,52.79433
Shawbury,-2.66329,52.79433
Shawbury,-2.66329,52.79433
Shawbury,-2.66329,52.79433
Shawbury,-2.66329,52.79433
Shawbury,-2.66329,52.79433
Shawbury,-2.66329,52.79433
Shawbury,-2.66329,52.79433
Shawbury,-2.66329,52.79433
Shawbury,-2.66329,52.79433
Shawbury,-2.66329,52.79433
Shawbury,-2.66329,52.79433
Sheffield,-1.48986,53.38101
Sheffield,-1.48986,53.38101
Sheffield,-1.48986,53.38101
Sheffield,-1.48986,53.38101
Sheffield,-1.48986,53.38101
Sheffield,-1.48986,53.38101
Sheffield,-1.48986,53.38101
Sheffield,-1.48986,53.38101
Sheffield,-1.48986,53.38101
Sheffield,-1.48986,53.38101
Sheffield,-1.48986,53.38101
Sheffield,-1.48986,53.38101
Sheffield,-1.48986,53.38101
Sheffield,-1.48986,53.38101
Sheffield,-1.48986,53.38101
Sheffield,-1.48986,53.38101
Sheffield,-1.48986,53.38101
Sheffield,-1.48986,53.38101
Sheffield,-1.48986,53.38101
Sheffield,-1.48986,53.38101
Sheffield,-1.48986,53.38101
Sheffield,-1.48986,53.38101
Sheffield,-1.48986,53.38101
Sheffield,-1.48986,53.38101
Sheffield,-1.48986,53.38101
Sheffield,-1.48986,53.38101
Sheffield,-1.48986,53.38101
Sheffield,-1.48986,53.38101
Sheffield,-1.48986,53.38101
Sheffield,-1.48986,53.38101
Sheffield,-1.48986,53.38101
Sheffield,-1.48986,53.38101
Sheffield,-1.48986,53.38101
Sheffield,-1.48986,53.38101
Sheffield,-1.48986,53.38101
Sheffield,-1.48986,53.38101
Sheffield,-1.48986,53.38101
Sheffield,-1.48986,53.38101
Sheffield,-1.48986,53.38101
Sheffield,-1.48986,53.38101
Sheffield,-1.48986,53.38101
Sheffield,-1.48986,53.38101
Sheffield,-1.48986,53.38101
Sheffield,-1.48986,53.38101
Sheffield,-1.48986,53.38101
Sheffield,-1.48986,53.38101
Sheffield,-1.48986,53.38101
Sheffield,-1.48986,53.38101
Sheffield,-1.48986,53.38101
Sheffield,-1.48986,53.38101
Sheffield,-1.48986,53.38101
Sheffield,-1.48986,53.38101
Sheffield,-1.48986,53.38101
Sheffield,-1.48986,53.38101
Sheffield,-1.48986,53.38101
Sheffield,-1.48986,53.38101
Sheffield,-1.48986,53.38101
Sheffield,-1.48986,53.38101
Sheffield,-1.48986,53.38101
Sheffield,-1.48986,53.38101
Sheffield,-1.48986,53.38101
Sheffield,-1.48986,53.38101
Sheffield,-1.48986,53.38101
Sheffield,-1.48986,53.38101
Sheffield,-1.48986,53.38101
Sheffield,-1.48986,53.38101
Sheffield,-1.48986,53.38101
Sheffield,-1.48986,53.38101
Sheffield,-1.48986,53.38101
Sheffield,-1.48986,53.38101
Sheffield,-1.48986,53.38101
Sheffield,-1.48986,53.38101
Sheffield,-1.48986,53.38101
Sheffield,-1.48986,53.38101
Sheffield,-1.48986,53.38101
Sheffield,-1.48986,53.38101
Sheffield,-1.48986,53.38101
Sheffield,-1.48986,53.38101
Sheffield,-1.48986,53.38101
Sheffield,-1.48986,53.38101
Sheffield,-1.48986,53.38101
Sheffield,-1.48986,53.38101
Sheffield,-1.48986,53.38101
Sheffield,-1.48986,53.38101
Sheffield,-1.48986,53.38101
Sheffield,-1.48986,53.38101
Sheffield,-1.48986,53.38101
Sheffield,-1.48986,53.38101
Sheffield,-1.48986,53.38101
Sheffield,-1.48986,53.38101
Sheffield,-1.48986,53.38101
Sheffield,-1.48986,53.38101
Sheffield,-1.48986,53.38101
Sheffield,-1.48986,53.38101
Sheffield,-1.48986,53.38101
Sheffield,-1.48986,53.38101
Sheffield,-1.48986,53.38101
Sheffield,-1.48986,53.38101
Sheffield,-1.48986,53.38101
Sheffield,-1.48986,53.38101
Sheffield,-1.48986,53.38101
Sheffield,-1.48986,53.38101
Sheffield,-1.48986,53.38101
Sheffield,-1.48986,53.38101
Sheffield,-1.48986,53.38101
Sheffield,-1.48986,53.38101
Sheffield,-1.48986,53.38101
Sheffield,-1.48986,53.38101
Sheffield,-1.48986,53.38101
Sheffield,-1.48986,53.38101
Sheffield,-1.48986,53.38101
Sheffield,-1.48986,53.38101
Sheffield,-1.48986,53.38101
Sheffield,-1.48986,53.38101
Sheffield,-1.48986,53.38101
Sheffield,-1.48986,53.38101
Sheffield,-1.48986,53.38101
Sheffield,-1.48986,53.38101
Sheffield,-1.48986,53.38101
Sheffield,-1.48986,53.38101
Sheffield,-1.48986,53.38101
Sheffield,-1.48986,53.38101
Sheffield,-1.48986,53.38101
Sheffield,-1.48986,53.38101
Sheffield,-1.48986,53.38101
Sheffield,-1.48986,53.38101
Sheffield,-1.48986,53.38101
Sheffield,-1.48986,53.38101
Sheffield,-1.48986,53.38101
Sheffield,-1.48986,53.38101
Sheffield,-1.48986,53.38101
Sheffield,-1.48986,53.38101
Sheffield,-1.48986,53.38101
Sheffield,-1.48986,53.38101
Sheffield,-1.48986,53.38101
Sheffield,-1.48986,53.38101
Sheffield,-1.48986,53.38101
Sheffield,-1.48986,53.38101
Sheffield,-1.48986,53.38101
Sheffield,-1.48986,53.38101
Sheffield,-1.48986,53.38101
Sheffield,-1.48986,53.38101
Sheffield,-1.48986,53.38101
Sheffield,-1.48986,53.38101
Sheffield,-1.48986,53.38101
Sheffield,-1.48986,53.38101
Sheffield,-1.48986,53.38101
Sheffield,-1.48986,53.38101
Sheffield,-1.48986,53.38101
Sheffield,-1.48986,53.38101
Sheffield,-1.48986,53.38101
Sheffield,-1.48986,53.38101
Sheffield,-1.48986,53.38101
Sheffield,-1.48986,53.38101
Sheffield,-1.48986,53.38101
Sheffield,-1.48986,53.38101
Sheffield,-1.48986,53.38101
Sheffield,-1.48986,53.38101
Sheffield,-1.48986,53.38101
Sheffield,-1.48986,53.38101
Sheffield,-1.48986,53.38101
Sheffield,-1.48986,53.38101
Sheffield,-1.48986,53.38101
Sheffield,-1.48986,53.38101
Sheffield,-1.48986,53.38101
Sheffield,-1.48986,53.38101
Sheffield,-1.48986,53.38101
Sheffield,-1.48986,53.38101
Sheffield,-1.48986,53.38101
Sheffield,-1.48986,53.38101
Sheffield,-1.48986,53.38101
Sheffield,-1.48986,53.38101
Sheffield,-1.48986,53.38101
Sheffield,-1.48986,53.38101
Sheffield,-1.48986,53.38101
Sheffield,-1.48986,53.38101
Sheffield,-1.48986,53.38101
Sheffield,-1.48986,53.38101
Sheffield,-1.48986,53.38101
Sheffield,-1.48986,53.38101
Valley,-4.53524,53.25238
Valley,-4.53524,53.25238
Valley,-4.53524,53.25238
Valley,-4.53524,53.25238
Valley,-4.53524,53.25238
Valley,-4.53524,53.25238
Valley,-4.53524,53.25238
Valley,-4.53524,53.25238
Valley,-4.53524,53.25238
Valley,-4.53524,53.25238
Valley,-4.53524,53.25238
Valley,-4.53524,53.25238
Valley,-4.53524,53.25238
Valley,-4.53524,53.25238
Valley,-4.53524,53.25238
Valley,-4.53524,53.25238
Valley,-4.53524,53.25238
Valley,-4.53524,53.25238
Valley,-4.53524,53.25238
Valley,-4.53524,53.25238
Valley,-4.53524,53.25238
Valley,-4.53524,53.25238
Valley,-4.53524,53.25238
Valley,-4.53524,53.25238
Valley,-4.53524,53.25238
Valley,-4.53524,53.25238
Valley,-4.53524,53.25238
Valley,-4.53524,53.25238
Valley,-4.53524,53.25238
Valley,-4.53524,53.25238
Valley,-4.53524,53.25238
Valley,-4.53524,53.25238
Valley,-4.53524,53.25238
Valley,-4.53524,53.25238
Valley,-4.53524,53.25238
Valley,-4.53524,53.25238
Valley,-4.53524,53.25238
Valley,-4.53524,53.25238
Valley,-4.53524,53.25238
Valley,-4.53524,53.25238
Valley,-4.53524,53.25238
Valley,-4.53524,53.25238
Valley,-4.53524,53.25238
Valley,-4.53524,53.25238
Valley,-4.53524,53.25238
Valley,-4.53524,53.25238
Valley,-4.53524,53.25238
Valley,-4.53524,53.25238
Valley,-4.53524,53.25238
Valley,-4.53524,53.25238
Valley,-4.53524,53.25238
Valley,-4.53524,53.25238
Valley,-4.53524,53.25238
Valley,-4.53524,53.25238
Valley,-4.53524,53.25238
Valley,-4.53524,53.25238
Valley,-4.53524,53.25238
Valley,-4.53524,53.25238
Valley,-4.53524,53.25238
Valley,-4.53524,53.25238
Valley,-4.53524,53.25238
Valley,-4.53524,53.25238
Valley,-4.53524,53.25238
Valley,-4.53524,53.25238
Valley,-4.53524,53.25238
Valley,-4.53524,53.25238
Valley,-4.53524,53.25238
Valley,-4.53524,53.25238
Valley,-4.53524,53.25238
Valley,-4.53524,53.25238
Valley,-4.53524,53.25238
Valley,-4.53524,53.25238
Valley,-4.53524,53.25238
Valley,-4.53524,53.25238
Valley,-4.53524,53.25238
Valley,-4.53524,53.25238
Valley,-4.53524,53.25238
Valley,-4.53524,53.25238
Valley,-4.53524,53.25238
Valley,-4.53524,53.25238
Valley,-4.53524,53.25238
Valley,-4.53524,53.25238
Valley,-4.53524,53.25238
Valley,-4.53524,53.25238
Valley,-4.53524,53.25238
Valley,-4.53524,53.25238
Valley,-4.53524,53.25238
Valley,-4.53524,53.25238
Valley,-4.53524,53.25238
Valley,-4.53524,53.25238
Valley,-4.53524,53.25238
Valley,-4.53524,53.25238
Valley,-4.53524,53.25238
Valley,-4.53524,53.25238
Valley,-4.53524,53.25238
Valley,-4.53524,53.25238
Valley,-4.53524,53.25238
Valley,-4.53524,53.25238
Valley,-4.53524,53.25238
Valley,-4.53524,53.25238
Valley,-4.53524,53.25238
Valley,-4.53524,53.25238
Valley,-4.53524,53.25238
Valley,-4.53524,53.25238
Valley,-4.53524,53.25238
Valley,-4.53524,53.25238
Valley,-4.53524,53.25238
Valley,-4.53524,53.25238
Valley,-4.53524,53.25238
Valley,-4.53524,53.25238
Valley,-4.53524,53.25238
Valley,-4.53524,53.25238
Valley,-4.53524,53.25238
Valley,-4.53524,53.25238
Valley,-4.53524,53.25238
Valley,-4.53524,53.25238
Valley,-4.53524,53.25238
Valley,-4.53524,53.25238
Valley,-4.53524,53.25238
Valley,-4.53524,53.25238
Valley,-4.53524,53.25238
Valley,-4.53524,53.25238
Valley,-4.53524,53.25238
Valley,-4.53524,53.25238
Valley,-4.53524,53.25238
Valley,-4.53524,53.25238
Valley,-4.53524,53.25238
Valley,-4.53524,53.25238
Valley,-4.53524,53.25238
Valley,-4.53524,53.25238
Valley,-4.53524,53.25238
Valley,-4.53524,53.25238
Valley,-4.53524,53.25238
Valley,-4.53524,53.25238
Valley,-4.53524,53.25238
Valley,-4.53524,53.25238
Valley,-4.53524,53.25238
Valley,-4.53524,53.25238
Valley,-4.53524,53.25238
Valley,-4.53524,53.25238
Valley,-4.53524,53.25238
Valley,-4.53524,53.25238
Valley,-4.53524,53.25238
Valley,-4.53524,53.25238
Valley,-4.53524,53.25238
Valley,-4.53524,53.25238
Valley,-4.53524,53.25238
Valley,-4.53524,53.25238
Valley,-4.53524,53.25238
Valley,-4.53524,53.25238
Valley,-4.53524,53.25238
Valley,-4.53524,53.25238
Valley,-4.53524,53.25238
Valley,-4.53524,53.25238
Valley,-4.53524,53.25238
Valley,-4.53524,53.25238
Valley,-4.53524,53.25238
Valley,-4.53524,53.25238
Valley,-4.53524,53.25238
Valley,-4.53524,53.25238
Valley,-4.53524,53.25238
Valley,-4.53524,53.25238
Valley,-4.53524,53.25238
Valley,-4.53524,53.25238
Valley,-4.53524,53.25238
Valley,-4.53524,53.25238
Valley,-4.53524,53.25238
Valley,-4.53524,53.25238
Valley,-4.53524,53.25238
Valley,-4.53524,53.25238
Valley,-4.53524,53.25238
Valley,-4.53524,53.25238
Valley,-4.53524,53.25238
Valley,-4.53524,53.25238
Valley,-4.53524,53.25238
Valley,-4.53524,53.25238
Valley,-4.53524,53.25238
Valley,-4.53524,53.25238
Valley,-4.53524,53.25238
Valley,-4.53524,53.25238
Waddington,-0.52173,53.17509
Waddington,-0.52173,53.17509
Waddington,-0.52173,53.17509
Waddington,-0.52173,53.17509
Waddington,-0.52173,53.17509
Waddington,-0.52173,53.17509
Waddington,-0.52173,53.17509
Waddington,-0.52173,53.17509
Waddington,-0.52173,53.17509
Waddington,-0.52173,53.17509
Waddington,-0.52173,53.17509
Waddington,-0.52173,53.17509
Waddington,-0.52173,53.17509
Waddington,-0.52173,53.17509
Waddington,-0.52173,53.17509
Waddington,-0.52173,53.17509
Waddington,-0.52173,53.17509
Waddington,-0.52173,53.17509
Waddington,-0.52173,53.17509
Waddington,-0.52173,53.17509
Waddington,-0.52173,53.17509
Waddington,-0.52173,53.17509
Waddington,-0.52173,53.17509
Waddington,-0.52173,53.17509
Waddington,-0.52173,53.17509
Waddington,-0.52173,53.17509
Waddington,-0.52173,53.17509
Waddington,-0.52173,53.17509
Waddington,-0.52173,53.17509
Waddington,-0.52173,53.17509
Waddington,-0.52173,53.17509
Waddington,-0.52173,53.17509
Waddington,-0.52173,53.17509
Waddington,-0.52173,53.17509
Waddington,-0.52173,53.17509
Waddington,-0.52173,53.17509
Waddington,-0.52173,53.17509
Waddington,-0.52173,53.17509
Waddington,-0.52173,53.17509
Waddington,-0.52173,53.17509
Waddington,-0.52173,53.17509
Waddington,-0.52173,53.17509
Waddington,-0.52173,53.17509
Waddington,-0.52173,53.17509
Waddington,-0.52173,53.17509
Waddington,-0.52173,53.17509
Waddington,-0.52173,53.17509
Waddington,-0.52173,53.17509
Waddington,-0.52173,53.17509
Waddington,-0.52173,53.17509
Waddington,-0.52173,53.17509
Waddington,-0.52173,53.17509
Waddington,-0.52173,53.17509
Waddington,-0.52173,53.17509
Waddington,-0.52173,53.17509
Waddington,-0.52173,53.17509
Waddington,-0.52173,53.17509
Waddington,-0.52173,53.17509
Waddington,-0.52173,53.17509
Waddington,-0.52173,53.17509
Waddington,-0.52173,53.17509
Waddington,-0.52173,53.17509
Waddington,-0.52173,53.17509
Waddington,-0.52173,53.17509
Waddington,-0.52173,53.17509
Waddington,-0.52173,53.17509
Waddington,-0.52173,53.17509
Waddington,-0.52173,53.17509
Waddington,-0.52173,53.17509
Waddington,-0.52173,53.17509
Waddington,-0.52173,53.17509
Waddington,-0.52173,53.17509
Waddington,-0.52173,53.17509
Waddington,-0.52173,53.17509
Waddington,-0.52173,53.17509
Waddington,-0.52173,53.17509
Waddington,-0.52173,53.17509
Waddington,-0.52173,53.17509
Waddington,-0.52173,53.17509
Waddington,-0.52173,53.17509
Waddington,-0.52173,53.17509
Waddington,-0.52173,53.17509
Waddington,-0.52173,53.17509
Waddington,-0.52173,53.17509
Waddington,-0.52173,53.17509
Waddington,-0.52173,53.17509
Waddington,-0.52173,53.17509
Waddington,-0.52173,53.17509
Waddington,-0.52173,53.17509
Waddington,-0.52173,53.17509
Waddington,-0.52173,53.17509
Waddington,-0.52173,53.17509
Waddington,-0.52173,53.17509
Waddington,-0.52173,53.17509
Waddington,-0.52173,53.17509
Waddington,-0.52173,53.17509
Waddington,-0.52173,53.17509
Waddington,-0.52173,53.17509
Waddington,-0.52173,53.17509
Waddington,-0.52173,53.17509
Waddington,-0.52173,53.17509
Waddington,-0.52173,53.17509
Waddington,-0.52173,53.17509
Waddington,-0.52173,53.17509
Waddington,-0.52173,53.17509
Waddington,-0.52173,53.17509
Waddington,-0.52173,53.17509
Waddington,-0.52173,53.17509
Waddington,-0.52173,53.17509
Waddington,-0.52173,53.17509
Waddington,-0.52173,53.17509
Waddington,-0.52173,53.17509
Waddington,-0.52173,53.17509
Waddington,-0.52173,53.17509
Waddington,-0.52173,53.17509
Waddington,-0.52173,53.17509
Waddington,-0.52173,53.17509
Waddington,-0.52173,53.17509
Waddington,-0.52173,53.17509
Waddington,-0.52173,53.17509
Waddington,-0.52173,53.17509
Waddington,-0.52173,53.17509
Waddington,-0.52173,53.17509
Waddington,-0.52173,53.17509
Waddington,-0.52173,53.17509
Waddington,-0.52173,53.17509
Waddington,-0.52173,53.17509
Waddington,-0.52173,53.17509
Waddington,-0.52173,53.17509
Waddington,-0.52173,53.17509
Waddington,-0.52173,53.17509
Waddington,-0.52173,53.17509
Waddington,-0.52173,53.17509
Waddington,-0.52173,53.17509
Waddington,-0.52173,53.17509
Waddington,-0.52173,53.17509
Waddington,-0.52173,53.17509
Waddington,-0.52173,53.17509
Waddington,-0.52173,53.17509
Waddington,-0.52173,53.17509
Waddington,-0.52173,53.17509
Waddington,-0.52173,53.17509
Waddington,-0.52173,53.17509
Waddington,-0.52173,53.17509
Waddington,-0.52173,53.17509
Waddington,-0.52173,53.17509
Waddington,-0.52173,53.17509
Waddington,-0.52173,53.17509
Waddington,-0.52173,53.17509
Waddington,-0.52173,53.17509
Waddington,-0.52173,53.17509
Waddington,-0.52173,53.17509
Waddington,-0.52173,53.17509
Waddington,-0.52173,53.17509
Waddington,-0.52173,53.17509
Waddington,-0.52173,53.17509
Waddington,-0.52173,53.17509
Waddington,-0.52173,53.17509
Waddington,-0.52173,53.17509
Waddington,-0.52173,53.17509
Waddington,-0.52173,53.17509
Waddington,-0.52173,53.17509
Waddington,-0.52173,53.17509
Waddington,-0.52173,53.17509
Waddington,-0.52173,53.17509
Waddington,-0.52173,53.17509
Waddington,-0.52173,53.17509
Waddington,-0.52173,53.17509
Waddington,-0.52173,53.17509
Waddington,-0.52173,53.17509
Waddington,-0.52173,53.17509
Waddington,-0.52173,53.17509
Waddington,-0.52173,53.17509
Waddington,-0.52173,53.17509
Waddington,-0.52173,53.17509
Waddington,-0.52173,53.17509
Waddington,-0.52173,53.17509
Waddington,-0.52173,53.17509
Waddington,-0.52173,53.17509
Waddington,-0.52173,53.17509
Whitby,-0.62411,54.48073
Whitby,-0.62411,54.48073
Whitby,-0.62411,54.48073
Whitby,-0.62411,54.48073
Whitby,-0.62411,54.48073
Whitby,-0.62411,54.48073
Whitby,-0.62411,54.48073
Whitby,-0.62411,54.48073
Whitby,-0.62411,54.48073
Whitby,-0.62411,54.48073
Whitby,-0.62411,54.48073
Whitby,-0.62411,54.48073
Whitby,-0.62411,54.48073
Whitby,-0.62411,54.48073
Whitby,-0.62411,54.48073
Whitby,-0.62411,54.48073
Whitby,-0.62411,54.48073
Whitby,-0.62411,54.48073
Whitby,-0.62411,54.48073
Whitby,-0.62411,54.48073
Whitby,-0.62411,54.48073
Whitby,-0.62411,54.48073
Whitby,-0.62411,54.48073
Whitby,-0.62411,54.48073
Whitby,-0.62411,54.48073
Whitby,-0.62411,54.48073
Whitby,-0.62411,54.48073
Whitby,-0.62411,54.48073
Whitby,-0.62411,54.48073
Whitby,-0.62411,54.48073
Whitby,-0.62411,54.48073
Whitby,-0.62411,54.48073
Whitby,-0.62411,54.48073
Whitby,-0.62411,54.48073
Whitby,-0.62411,54.48073
Whitby,-0.62411,54.48073
Whitby,-0.62411,54.48073
Whitby,-0.62411,54.48073
Whitby,-0.62411,54.48073
Whitby,-0.62411,54.48073
Whitby,-0.62411,54.48073
Whitby,-0.62411,54.48073
Whitby,-0.62411,54.48073
Whitby,-0.62411,54.48073
Whitby,-0.62411,54.48073
Whitby,-0.62411,54.48073
Whitby,-0.62411,54.48073
Whitby,-0.62411,54.48073
Whitby,-0.62411,54.48073
Whitby,-0.62411,54.48073
Whitby,-0.62411,54.48073
Whitby,-0.62411,54.48073
Whitby,-0.62411,54.48073
Whitby,-0.62411,54.48073
Whitby,-0.62411,54.48073
Whitby,-0.62411,54.48073
Whitby,-0.62411,54.48073
Whitby,-0.62411,54.48073
Whitby,-0.62411,54.48073
Whitby,-0.62411,54.48073
Whitby,-0.62411,54.48073
Whitby,-0.62411,54.48073
Whitby,-0.62411,54.48073
Whitby,-0.62411,54.48073
Whitby,-0.62411,54.48073
Whitby,-0.62411,54.48073
Whitby,-0.62411,54.48073
Whitby,-0.62411,54.48073
Whitby,-0.62411,54.48073
Whitby,-0.62411,54.48073
Whitby,-0.62411,54.48073
Whitby,-0.62411,54.48073
Whitby,-0.62411,54.48073
Whitby,-0.62411,54.48073
Whitby,-0.62411,54.48073
Whitby,-0.62411,54.48073
Whitby,-0.62411,54.48073
Whitby,-0.62411,54.48073
Whitby,-0.62411,54.48073
Whitby,-0.62411,54.48073
Whitby,-0.62411,54.48073
Whitby,-0.62411,54.48073
Whitby,-0.62411,54.48073
Whitby,-0.62411,54.48073
Whitby,-0.62411,54.48073
Whitby,-0.62411,54.48073
Whitby,-0.62411,54.48073
Whitby,-0.62411,54.48073
Whitby,-0.62411,54.48073
Whitby,-0.62411,54.48073
Whitby,-0.62411,54.48073
Whitby,-0.62411,54.48073
Whitby,-0.62411,54.48073
Whitby,-0.62411,54.48073
Whitby,-0.62411,54.48073
Whitby,-0.62411,54.48073
Whitby,-0.62411,54.48073
Whitby,-0.62411,54.48073
Whitby,-0.62411,54.48073
Whitby,-0.62411,54.48073
Whitby,-0.62411,54.48073
Whitby,-0.62411,54.48073
Whitby,-0.62411,54.48073
Whitby,-0.62411,54.48073
Whitby,-0.62411,54.48073
Whitby,-0.62411,54.48073
Whitby,-0.62411,54.48073
Whitby,-0.62411,54.48073
Whitby,-0.62411,54.48073
Whitby,-0.62411,54.48073
Whitby,-0.62411,54.48073
Whitby,-0.62411,54.48073
Whitby,-0.62411,54.48073
Whitby,-0.62411,54.48073
Whitby,-0.62411,54.48073
Whitby,-0.62411,54.48073
Whitby,-0.62411,54.48073
Whitby,-0.62411,54.48073
Whitby,-0.62411,54.48073
Whitby,-0.62411,54.48073
Whitby,-0.62411,54.48073
Whitby,-0.62411,54.48073
Whitby,-0.62411,54.48073
Whitby,-0.62411,54.48073
Whitby,-0.62411,54.48073
Whitby,-0.62411,54.48073
Whitby,-0.62411,54.48073
Whitby,-0.62411,54.48073
Whitby,-0.62411,54.48073
Whitby,-0.62411,54.48073
Whitby,-0.62411,54.48073
Whitby,-0.62411,54.48073
Whitby,-0.62411,54.48073
Whitby,-0.62411,54.48073
Whitby,-0.62411,54.48073
Whitby,-0.62411,54.48073
Whitby,-0.62411,54.48073
Whitby,-0.62411,54.48073
Whitby,-0.62411,54.48073
Whitby,-0.62411,54.48073
Whitby,-0.62411,54.48073
Whitby,-0.62411,54.48073
Whitby,-0.62411,54.48073
Whitby,-0.62411,54.48073
Whitby,-0.62411,54.48073
Whitby,-0.62411,54.48073
Whitby,-0.62411,54.48073
Whitby,-0.62411,54.48073
Whitby,-0.62411,54.48073
Whitby,-0.62411,54.48073
Whitby,-0.62411,54.48073
Whitby,-0.62411,54.48073
Whitby,-0.62411,54.48073
Whitby,-0.62411,54.48073
Whitby,-0.62411,54.48073
Whitby,-0.62411,54.48073
Whitby,-0.62411,54.48073
Whitby,-0.62411,54.48073
Whitby,-0.62411,54.48073
Whitby,-0.62411,54.48073
Whitby,-0.62411,54.48073
Whitby,-0.62411,54.48073
Whitby,-0.62411,54.48073
Whitby,-0.62411,54.48073
Whitby,-0.62411,54.48073
Whitby,-0.62411,54.48073
Whitby,-0.62411,54.48073
Whitby,-0.62411,54.48073
Whitby,-0.62411,54.48073
Whitby,-0.62411,54.48073
Whitby,-0.62411,54.48073
Whitby,-0.62411,54.48073
Whitby,-0.62411,54.48073
Whitby,-0.62411,54.48073
Whitby,-0.62411,54.48073
Whitby,-0.62411,54.48073
Whitby,-0.62411,54.48073
Whitby,-0.62411,54.48073
Whitby,-0.62411,54.48073
Whitby,-0.62411,54.48073
Yeovilton,-2.64148,51.00586
Yeovilton,-2.64148,51.00586
Yeovilton,-2.64148,51.00586
Yeovilton,-2.64148,51.00586
Yeovilton,-2.64148,51.00586
Yeovilton,-2.64148,51.00586
Yeovilton,-2.64148,51.00586
Yeovilton,-2.64148,51.00586
Yeovilton,-2.64148,51.00586
Yeovilton,-2.64148,51.00586
Yeovilton,-2.64148,51.00586
Yeovilton,-2.64148,51.00586
Yeovilton,-2.64148,51.00586
Yeovilton,-2.64148,51.00586
Yeovilton,-2.64148,51.00586
Yeovilton,-2.64148,51.00586
Yeovilton,-2.64148,51.00586
Yeovilton,-2.64148,51.00586
Yeovilton,-2.64148,51.00586
Yeovilton,-2.64148,51.00586
Yeovilton,-2.64148,51.00586
Yeovilton,-2.64148,51.00586
Yeovilton,-2.64148,51.00586
Yeovilton,-2.64148,51.00586
Yeovilton,-2.64148,51.00586
Yeovilton,-2.64148,51.00586
Yeovilton,-2.64148,51.00586
Yeovilton,-2.64148,51.00586
Yeovilton,-2.64148,51.00586
Yeovilton,-2.64148,51.00586
Yeovilton,-2.64148,51.00586
Yeovilton,-2.64148,51.00586
Yeovilton,-2.64148,51.00586
Yeovilton,-2.64148,51.00586
Yeovilton,-2.64148,51.00586
Yeovilton,-2.64148,51.00586
Yeovilton,-2.64148,51.00586
Yeovilton,-2.64148,51.00586
Yeovilton,-2.64148,51.00586
Yeovilton,-2.64148,51.00586
Yeovilton,-2.64148,51.00586
Yeovilton,-2.64148,51.00586
Yeovilton,-2.64148,51.00586
Yeovilton,-2.64148,51.00586
Yeovilton,-2.64148,51.00586
Yeovilton,-2.64148,51.00586
Yeovilton,-2.64148,51.00586
Yeovilton,-2.64148,51.00586
Yeovilton,-2.64148,51.00586
Yeovilton,-2.64148,51.00586
Yeovilton,-2.64148,51.00586
Yeovilton,-2.64148,51.00586
Yeovilton,-2.64148,51.00586
Yeovilton,-2.64148,51.00586
Yeovilton,-2.64148,51.00586
Yeovilton,-2.64148,51.00586
Yeovilton,-2.64148,51.00586
Yeovilton,-2.64148,51.00586
Yeovilton,-2.64148,51.00586
Yeovilton,-2.64148,51.00586
Yeovilton,-2.64148,51.00586
Yeovilton,-2.64148,51.00586
Yeovilton,-2.64148,51.00586
Yeovilton,-2.64148,51.00586
Yeovilton,-2.64148,51.00586
Yeovilton,-2.64148,51.00586
Yeovilton,-2.64148,51.00586
Yeovilton,-2.64148,51.00586
Yeovilton,-2.64148,51.00586
Yeovilton,-2.64148,51.00586
Yeovilton,-2.64148,51.00586
Yeovilton,-2.64148,51.00586
Yeovilton,-2.64148,51.00586
Yeovilton,-2.64148,51.00586
Yeovilton,-2.64148,51.00586
Yeovilton,-2.64148,51.00586
Yeovilton,-2.64148,51.00586
Yeovilton,-2.64148,51.00586
Yeovilton,-2.64148,51.00586
Yeovilton,-2.64148,51.00586
Yeovilton,-2.64148,51.00586
Yeovilton,-2.64148,51.00586
Yeovilton,-2.64148,51.00586
Yeovilton,-2.64148,51.00586
Yeovilton,-2.64148,51.00586
Yeovilton,-2.64148,51.00586
Yeovilton,-2.64148,51.00586
Yeovilton,-2.64148,51.00586
Yeovilton,-2.64148,51.00586
Yeovilton,-2.64148,51.00586
Yeovilton,-2.64148,51.00586
Yeovilton,-2.64148,51.00586
Yeovilton,-2.64148,51.00586
Yeovilton,-2.64148,51.00586
Yeovilton,-2.64148,51.00586
Yeovilton,-2.64148,51.00586
Yeovilton,-2.64148,51.00586
Yeovilton,-2.64148,51.00586
Yeovilton,-2.64148,51.00586
Yeovilton,-2.64148,51.00586
Yeovilton,-2.64148,51.00586
Yeovilton,-2.64148,51.00586
Yeovilton,-2.64148,51.00586
Yeovilton,-2.64148,51.00586
Yeovilton,-2.64148,51.00586
Yeovilton,-2.64148,51.00586
Yeovilton,-2.64148,51.00586
Yeovilton,-2.64148,51.00586
Yeovilton,-2.64148,51.00586
Yeovilton,-2.64148,51.00586
Yeovilton,-2.64148,51.00586
Yeovilton,-2.64148,51.00586
Yeovilton,-2.64148,51.00586
Yeovilton,-2.64148,51.00586
Yeovilton,-2.64148,51.00586
Yeovilton,-2.64148,51.00586
Yeovilton,-2.64148,51.00586
Yeovilton,-2.64148,51.00586
Yeovilton,-2.64148,51.00586
Yeovilton,-2.64148,51.00586
Yeovilton,-2.64148,51.00586
Yeovilton,-2.64148,51.00586
Yeovilton,-2.64148,51.00586
Yeovilton,-2.64148,51.00586
Yeovilton,-2.64148,51.00586
Yeovilton,-2.64148,51.00586
Yeovilton,-2.64148,51.00586
Yeovilton,-2.64148,51.00586
Yeovilton,-2.64148,51.00586
Yeovilton,-2.64148,51.00586
Yeovilton,-2.64148,51.00586
Yeovilton,-2.64148,51.00586
Yeovilton,-2.64148,51.00586
Yeovilton,-2.64148,51.00586
Yeovilton,-2.64148,51.00586
Yeovilton,-2.64148,51.00586
Yeovilton,-2.64148,51.00586
Yeovilton,-2.64148,51.00586
Yeovilton,-2.64148,51.00586
Yeovilton,-2.64148,51.00586
Yeovilton,-2.64148,51.00586
Yeovilton,-2.64148,51.00586
Yeovilton,-2.64148,51.00586
Yeovilton,-2.64148,51.00586
Yeovilton,-2.64148,51.00586
Yeovilton,-2.64148,51.00586
Yeovilton,-2.64148,51.00586
Yeovilton,-2.64148,51.00586
Yeovilton,-2.64148,51.00586
Yeovilton,-2.64148,51.00586
Yeovilton,-2.64148,51.00586
Yeovilton,-2.64148,51.00586
Yeovilton,-2.64148,51.00586
Yeovilton,-2.64148,51.00586
Yeovilton,-2.64148,51.00586
Yeovilton,-2.64148,51.00586
Yeovilton,-2.64148,51.00586
Yeovilton,-2.64148,51.00586
Yeovilton,-2.64148,51.00586
Yeovilton,-2.64148,51.00586
Yeovilton,-2.64148,51.00586
Yeovilton,-2.64148,51.00586
Yeovilton,-2.64148,51.00586
Yeovilton,-2.64148,51.00586
Yeovilton,-2.64148,51.00586
Yeovilton,-2.64148,51.00586
Yeovilton,-2.64148,51.00586
Yeovilton,-2.64148,51.00586
Yeovilton,-2.64148,51.00586
Yeovilton,-2.64148,51.00586
Yeovilton,-2.64148,51.00586
Yeovilton,-2.64148,51.00586
Yeovilton,-2.64148,51.00586
Yeovilton,-2.64148,51.00586
Yeovilton,-2.64148,51.00586
Yeovilton,-2.64148,51.00586
Yeovilton,-2.64148,51.00586
Yeovilton,-2.64148,51.00586
Yeovilton,-2.64148,51.00586
Yeovilton,-2.64148,51.00586
